y,m,d,Ec,Ei,Es,Es_eq,ET,Rn,FILTER,ET_obs
2011,1,1,2.30,0.23,0.67,1.46,3.20,209.96,0,2.30
2011,1,2,1.98,0.00,0.34,1.47,2.32,235.99,0,2.67
2011,1,3,1.88,0.00,0.22,1.39,2.10,231.28,0,2.60
2011,1,4,2.14,0.00,0.17,1.50,2.31,240.21,0,2.61
2011,1,5,1.89,0.00,0.13,1.38,2.02,220.91,0,2.50
2011,1,6,2.30,0.00,0.12,1.59,2.42,240.87,0,2.72
2011,1,7,2.26,0.00,0.09,1.34,2.35,190.03,0,2.08
2011,1,8,2.30,0.00,0.09,1.47,2.38,207.89,0,2.37
2011,1,9,1.68,0.17,0.10,1.06,1.95,157.39,0,1.78
2011,1,10,0.62,2.95,0.34,0.34,3.91,51.59,0,0.56
2011,1,11,0.34,3.12,0.19,0.19,3.66,29.73,0,0.34
2011,1,12,0.46,4.31,0.46,0.46,5.24,70.10,0,0.79
2011,1,13,0.29,2.93,0.17,0.17,3.39,24.82,0,0.27
2011,1,14,1.00,4.25,0.59,0.59,5.83,88.88,0,1.01
2011,1,15,2.28,0.00,1.65,1.65,3.93,247.89,0,2.80
2011,1,16,2.27,0.00,1.67,1.67,3.94,245.79,0,2.68
2011,1,17,1.84,0.00,1.39,1.39,3.23,223.62,0,2.53
2011,1,18,1.73,0.00,1.28,1.28,3.01,211.31,0,2.37
2011,1,19,1.80,0.00,1.40,1.40,3.20,228.47,0,2.48
2011,1,20,2.18,0.00,1.52,1.52,3.71,235.06,0,2.66
2011,1,21,2.25,0.00,1.50,1.50,3.75,221.13,0,2.50
2011,1,22,2.13,0.00,1.57,1.57,3.69,234.19,0,2.56
2011,1,23,2.26,0.00,1.59,1.59,3.85,237.01,0,2.69
2011,1,24,1.73,0.03,1.03,1.03,2.78,159.15,0,1.79
2011,1,25,2.28,0.16,1.58,1.58,4.01,241.34,0,2.63
2011,1,26,2.05,0.18,1.54,1.54,3.76,234.33,0,2.66
2011,1,27,2.07,0.00,1.46,1.46,3.53,227.56,0,2.56
2011,1,28,1.95,0.00,1.40,1.40,3.35,222.40,0,2.42
2011,1,29,2.17,0.00,1.46,1.46,3.63,225.62,0,2.56
2011,1,30,2.41,0.00,1.61,1.61,4.02,228.36,0,2.59
2011,1,31,2.49,0.00,1.64,1.64,4.14,223.80,0,2.46
2011,2,1,2.45,0.00,1.59,1.59,4.04,216.86,0,2.48
2011,2,2,2.11,0.38,1.52,1.52,4.01,218.38,0,2.47
2011,2,3,2.27,0.38,1.56,1.56,4.20,218.58,0,2.39
2011,2,4,1.52,4.01,1.03,1.03,6.56,145.30,0,1.65
2011,2,5,0.33,3.48,0.15,0.15,3.95,22.55,0,0.25
2011,2,6,1.66,0.00,1.23,1.23,2.89,211.29,0,2.29
2011,2,7,1.75,0.00,1.29,1.29,3.04,218.84,0,2.47
2011,2,8,1.67,0.00,1.26,1.26,2.93,208.20,0,2.34
2011,2,9,1.92,0.00,1.35,1.35,3.27,211.46,0,2.30
2011,2,10,2.02,0.00,1.31,1.31,3.33,187.92,0,2.14
2011,2,11,0.57,1.18,0.24,0.24,1.99,36.20,0,0.41
2011,2,12,1.59,0.00,1.20,1.20,2.80,198.56,0,2.16
2011,2,13,1.66,0.00,1.20,1.20,2.86,200.67,0,2.27
2011,2,14,1.84,0.00,1.29,1.29,3.13,202.05,0,2.27
2011,2,15,1.87,0.00,1.22,1.22,3.08,183.77,0,2.00
2011,2,16,1.01,1.79,0.59,0.59,3.39,90.57,0,1.03
2011,2,17,1.10,2.09,0.94,0.94,4.13,145.84,0,1.64
2011,2,18,1.41,0.20,0.82,0.82,2.43,123.10,0,1.34
2011,2,19,1.74,0.52,1.31,1.31,3.57,194.48,0,2.21
2011,2,20,1.55,0.00,1.00,1.00,2.55,163.42,0,1.84
2011,2,21,1.47,0.00,0.93,0.93,2.40,161.17,0,1.75
2011,2,22,1.60,0.00,1.12,1.12,2.72,188.48,0,2.13
2011,2,23,1.79,0.00,1.19,1.19,2.98,191.91,0,2.16
2011,2,24,1.92,0.00,1.23,1.23,3.15,194.45,0,2.12
2011,2,25,1.92,0.00,1.23,1.23,3.16,188.82,0,2.14
2011,2,26,1.94,0.79,1.20,1.20,3.93,178.84,0,2.02
2011,2,27,1.26,0.97,0.80,0.80,3.03,123.12,0,1.34
2011,2,28,1.38,0.00,0.87,0.87,2.24,135.61,0,1.53
2011,3,1,1.55,0.00,1.03,1.03,2.58,174.65,0,1.96
2011,3,2,1.55,0.00,0.94,0.94,2.50,164.87,0,1.79
2011,3,3,1.53,0.00,0.99,0.99,2.52,164.19,0,1.85
2011,3,4,1.35,0.00,0.90,0.90,2.25,150.37,0,1.68
2011,3,5,1.56,0.00,1.09,1.09,2.65,172.21,0,1.87
2011,3,6,1.69,0.00,1.13,1.13,2.83,164.97,0,1.87
2011,3,7,1.80,0.00,1.14,1.14,2.95,160.85,0,1.81
2011,3,8,1.64,0.03,0.91,0.91,2.58,125.40,0,1.37
2011,3,9,0.52,1.87,0.24,0.28,2.63,39.37,0,0.45
2011,3,10,0.95,1.97,0.82,0.82,3.74,119.55,0,1.34
2011,3,11,1.28,0.14,0.99,0.99,2.41,141.36,0,1.54
2011,3,12,1.33,0.28,0.97,0.97,2.58,134.25,0,1.52
2011,3,13,1.27,0.75,0.90,0.90,2.91,123.38,0,1.39
2011,3,14,1.44,0.00,1.05,1.05,2.49,156.19,0,1.70
2011,3,15,1.33,0.35,0.90,0.90,2.59,131.98,0,1.49
2011,3,16,1.37,0.01,0.99,0.99,2.37,151.33,0,1.70
2011,3,17,1.34,0.00,0.93,0.93,2.27,145.88,0,1.58
2011,3,18,1.37,0.00,0.91,0.91,2.28,141.90,0,1.60
2011,3,19,1.38,0.01,0.89,0.89,2.28,131.77,0,1.48
2011,3,20,1.28,0.00,0.74,0.74,2.02,105.00,0,1.14
2011,3,21,0.98,1.13,0.52,0.55,2.62,77.15,0,0.87
2011,3,22,0.97,0.04,0.60,0.64,1.61,92.47,0,1.04
2011,3,23,0.84,0.81,0.63,0.64,2.28,95.61,0,1.04
2011,3,24,0.67,1.05,0.67,0.67,2.39,98.97,0,1.12
2011,3,25,1.07,0.01,0.84,0.84,1.92,123.44,0,1.38
2011,3,26,1.14,0.00,0.86,0.86,2.00,124.17,0,1.35
2011,3,27,1.17,0.00,0.93,0.93,2.10,131.56,0,1.48
2011,3,28,1.26,0.00,0.97,0.97,2.22,134.05,0,1.50
2011,3,29,1.32,0.00,0.94,0.94,2.26,126.32,0,1.37
2011,3,30,1.21,0.04,0.82,0.82,2.08,113.04,0,1.28
2011,3,31,1.11,0.00,0.76,0.76,1.87,113.91,0,1.28
2011,4,1,1.17,0.00,0.84,0.84,2.02,123.06,0,1.33
2011,4,2,1.09,0.00,0.75,0.75,1.84,110.44,0,1.24
2011,4,3,0.95,0.00,0.67,0.67,1.63,101.31,0,1.13
2011,4,4,1.00,0.00,0.70,0.70,1.70,101.61,0,1.10
2011,4,5,1.10,0.00,0.81,0.81,1.90,115.44,0,1.30
2011,4,6,1.17,0.00,0.78,0.78,1.96,110.20,0,1.24
2011,4,7,1.19,0.00,0.78,0.78,1.97,108.44,0,1.18
2011,4,8,1.27,0.00,0.76,0.76,2.03,102.28,0,1.16
2011,4,9,1.12,1.42,0.53,0.53,3.07,70.02,0,0.79
2011,4,10,0.73,0.78,0.57,0.57,2.08,85.50,0,0.92
2011,4,11,0.68,0.40,0.38,0.42,1.46,65.36,0,0.73
2011,4,12,0.37,0.65,0.23,0.23,1.25,35.41,0,0.40
2011,4,13,0.73,0.11,0.47,0.47,1.31,70.21,0,0.76
2011,4,14,0.82,0.04,0.54,0.58,1.41,86.09,0,0.97
2011,4,15,0.74,0.04,0.58,0.61,1.36,88.99,0,1.00
2011,4,16,0.96,0.00,0.57,0.62,1.52,89.74,0,0.97
2011,4,17,0.99,0.00,0.52,0.56,1.51,81.86,0,0.92
2011,4,18,1.07,0.00,0.58,0.61,1.65,90.00,0,1.01
2011,4,19,0.94,0.00,0.46,0.47,1.40,65.33,0,0.71
2011,4,20,0.60,0.28,0.31,0.31,1.19,42.76,0,0.48
2011,4,21,0.76,0.08,0.57,0.57,1.42,79.47,0,0.89
2011,4,22,0.68,0.05,0.33,0.36,1.05,50.66,0,0.55
2011,4,23,0.74,0.00,0.48,0.52,1.22,73.66,0,0.83
2011,4,24,0.71,0.00,0.38,0.48,1.09,67.22,0,0.75
2011,4,25,0.80,0.00,0.37,0.58,1.17,78.36,0,0.85
2011,4,26,0.81,0.00,0.37,0.57,1.17,76.49,0,0.86
2011,4,27,0.82,0.00,0.37,0.56,1.19,75.63,0,0.85
2011,4,28,0.82,0.00,0.35,0.53,1.17,71.44,0,0.77
2011,4,29,0.78,0.00,0.32,0.47,1.11,63.35,0,0.71
2011,4,30,0.92,0.00,0.37,0.54,1.30,70.71,0,0.79
2011,5,1,0.60,0.00,0.21,0.29,0.81,38.34,0,0.42
2011,5,2,0.52,0.63,0.37,0.43,1.53,57.52,0,0.65
2011,5,3,0.64,0.01,0.39,0.45,1.04,60.95,0,0.68
2011,5,4,0.64,0.00,0.39,0.44,1.04,60.86,0,0.66
2011,5,5,0.71,0.00,0.43,0.48,1.14,67.85,0,0.76
2011,5,6,0.59,0.00,0.28,0.30,0.87,45.20,0,0.50
2011,5,7,0.59,0.00,0.36,0.38,0.95,56.73,0,0.61
2011,5,8,0.48,0.03,0.31,0.32,0.81,45.92,0,0.52
2011,5,9,0.63,0.00,0.34,0.34,0.97,49.87,0,0.56
2011,5,10,0.64,0.08,0.40,0.40,1.12,61.21,0,0.66
2011,5,11,0.39,0.42,0.19,0.23,1.01,35.00,0,0.39
2011,5,12,0.07,0.46,0.00,0.00,0.53,-1.66,0,-0.02
2011,5,13,0.39,0.23,0.24,0.30,0.85,42.78,0,0.46
2011,5,14,0.51,0.03,0.15,0.23,0.69,35.01,0,0.39
2011,5,15,0.53,0.00,0.17,0.27,0.71,41.81,0,0.47
2011,5,16,0.52,0.00,0.18,0.28,0.70,43.22,0,0.47
2011,5,17,0.54,0.00,0.19,0.29,0.73,44.24,0,0.50
2011,5,18,0.52,0.00,0.16,0.25,0.68,38.34,0,0.43
2011,5,19,0.63,0.00,0.19,0.28,0.81,42.75,0,0.46
2011,5,20,0.64,0.00,0.15,0.22,0.79,32.85,0,0.37
2011,5,21,0.82,0.00,0.18,0.25,1.00,36.62,0,0.41
2011,5,22,0.30,2.20,0.04,0.04,2.53,5.24,0,0.06
2011,5,23,0.17,1.45,0.19,0.19,1.81,29.01,0,0.33
2011,5,24,0.36,0.16,0.19,0.19,0.71,29.80,0,0.33
2011,5,25,0.47,0.01,0.23,0.23,0.71,36.55,0,0.39
2011,5,26,0.38,0.06,0.17,0.17,0.62,28.35,0,0.32
2011,5,27,0.28,0.10,0.19,0.19,0.57,31.04,0,0.35
2011,5,28,0.36,0.12,0.20,0.20,0.67,32.12,0,0.35
2011,5,29,0.25,0.24,0.17,0.17,0.66,28.47,0,0.32
2011,5,30,0.47,0.00,0.18,0.18,0.65,30.13,0,0.34
2011,5,31,0.50,0.00,0.18,0.18,0.68,30.12,0,0.32
2011,6,1,0.59,0.00,0.22,0.22,0.82,35.26,0,0.40
2011,6,2,0.55,0.00,0.21,0.21,0.76,33.01,0,0.37
2011,6,3,0.46,0.02,0.17,0.17,0.65,25.88,0,0.28
2011,6,4,0.55,0.26,0.22,0.22,1.03,34.48,0,0.39
2011,6,5,0.54,0.48,0.15,0.15,1.17,23.62,0,0.26
2011,6,6,0.48,0.02,0.15,0.15,0.65,26.21,0,0.28
2011,6,7,0.30,0.48,0.00,0.00,0.78,-1.35,0,-0.02
2011,6,8,0.41,0.03,0.10,0.10,0.53,18.00,0,0.20
2011,6,9,0.41,0.05,0.10,0.10,0.56,16.92,0,0.18
2011,6,10,0.38,0.00,0.13,0.13,0.50,20.37,0,0.23
2011,6,11,0.46,0.00,0.19,0.19,0.65,30.46,0,0.34
2011,6,12,0.48,0.00,0.21,0.21,0.68,33.41,0,0.36
2011,6,13,0.44,0.00,0.17,0.17,0.61,27.29,0,0.31
2011,6,14,0.44,0.00,0.14,0.14,0.57,22.17,0,0.25
2011,6,15,0.47,0.00,0.11,0.11,0.57,18.31,0,0.20
2011,6,16,0.41,0.00,0.11,0.11,0.52,18.56,0,0.21
2011,6,17,0.42,0.22,0.12,0.12,0.77,19.98,0,0.22
2011,6,18,0.34,0.06,0.08,0.08,0.47,12.62,0,0.14
2011,6,19,0.36,0.17,0.15,0.15,0.67,22.75,0,0.26
2011,6,20,0.63,0.03,0.15,0.15,0.80,22.28,0,0.25
2011,6,21,0.51,1.82,0.16,0.16,2.49,26.50,0,0.29
2011,6,22,0.26,0.27,0.10,0.10,0.63,15.60,0,0.17
2011,6,23,0.29,0.17,0.15,0.15,0.62,24.27,0,0.27
2011,6,24,0.26,0.18,0.11,0.11,0.56,17.96,0,0.19
2011,6,25,0.41,0.00,0.14,0.14,0.55,22.18,0,0.25
2011,6,26,0.54,0.00,0.14,0.14,0.69,23.61,0,0.26
2011,6,27,0.49,0.00,0.17,0.17,0.67,28.96,0,0.31
2011,6,28,0.43,0.00,0.17,0.17,0.60,27.88,0,0.31
2011,6,29,0.56,0.00,0.14,0.14,0.70,22.41,0,0.25
2011,6,30,0.54,0.00,0.13,0.13,0.67,20.83,0,0.22
2011,7,1,0.56,0.00,0.12,0.12,0.69,20.09,0,0.23
2011,7,2,0.64,0.00,0.14,0.14,0.78,22.12,0,0.25
2011,7,3,0.11,1.90,0.00,0.00,2.01,-10.92,0,-0.12
2011,7,4,0.40,0.24,0.13,0.13,0.76,20.48,0,0.23
2011,7,5,0.34,0.39,0.09,0.09,0.82,14.69,0,0.16
2011,7,6,0.22,0.82,0.08,0.08,1.12,12.75,0,0.14
2011,7,7,0.38,0.08,0.15,0.15,0.61,25.17,0,0.28
2011,7,8,0.35,0.04,0.12,0.12,0.51,21.36,0,0.24
2011,7,9,0.43,0.03,0.16,0.16,0.62,25.96,0,0.28
2011,7,10,0.22,0.33,0.01,0.01,0.56,1.83,0,0.02
2011,7,11,0.45,0.00,0.15,0.15,0.60,23.62,0,0.26
2011,7,12,0.38,0.02,0.18,0.18,0.58,26.53,0,0.29
2011,7,13,0.15,0.28,0.05,0.05,0.49,8.15,0,0.09
2011,7,14,0.36,0.06,0.20,0.20,0.62,30.86,0,0.34
2011,7,15,0.42,0.00,0.17,0.17,0.59,28.03,0,0.30
2011,7,16,0.49,0.00,0.25,0.25,0.74,39.12,0,0.44
2011,7,17,0.16,1.38,0.16,0.16,1.69,22.87,0,0.26
2011,7,18,0.28,0.62,0.23,0.23,1.12,34.86,0,0.38
2011,7,19,0.30,0.09,0.25,0.25,0.63,36.94,0,0.41
2011,7,20,0.42,0.00,0.28,0.28,0.70,41.35,0,0.46
2011,7,21,0.42,0.06,0.21,0.21,0.68,30.56,0,0.33
2011,7,22,0.47,0.05,0.27,0.27,0.79,40.21,0,0.45
2011,7,23,0.40,0.36,0.27,0.27,1.04,42.51,0,0.47
2011,7,24,0.20,1.06,0.19,0.19,1.45,28.49,0,0.31
2011,7,25,0.20,0.70,0.26,0.26,1.17,38.88,0,0.44
2011,7,26,0.34,0.08,0.19,0.19,0.61,29.86,0,0.33
2011,7,27,0.44,0.00,0.26,0.26,0.71,42.83,0,0.46
2011,7,28,0.59,0.00,0.25,0.25,0.84,39.75,0,0.45
2011,7,29,0.69,0.00,0.26,0.26,0.95,39.31,0,0.44
2011,7,30,0.54,0.34,0.15,0.15,1.03,21.70,0,0.23
2011,7,31,0.61,0.00,0.32,0.32,0.93,47.42,0,0.53
2011,8,1,0.71,0.01,0.28,0.28,1.01,39.89,0,0.45
2011,8,2,0.82,0.01,0.35,0.35,1.18,48.24,0,0.52
2011,8,3,0.90,0.00,0.35,0.35,1.24,45.83,0,0.52
2011,8,4,1.03,0.00,0.25,0.25,1.28,31.41,0,0.35
2011,8,5,0.82,0.00,0.23,0.23,1.05,30.18,0,0.33
2011,8,6,0.36,1.08,0.27,0.27,1.71,40.25,0,0.45
2011,8,7,0.17,0.50,0.07,0.07,0.74,11.14,0,0.12
2011,8,8,0.36,0.26,0.32,0.32,0.94,51.41,0,0.55
2011,8,9,0.34,0.61,0.33,0.33,1.28,52.86,0,0.59
2011,8,10,0.23,0.49,0.27,0.27,0.99,39.31,0,0.44
2011,8,11,0.53,0.00,0.42,0.42,0.96,57.29,0,0.62
2011,8,12,0.55,0.00,0.44,0.44,1.00,63.13,0,0.71
2011,8,13,0.30,0.07,0.26,0.26,0.62,36.17,0,0.40
2011,8,14,0.43,0.18,0.39,0.39,0.99,52.23,0,0.56
2011,8,15,0.29,0.51,0.16,0.16,0.96,21.33,0,0.24
2011,8,16,0.64,0.24,0.54,0.54,1.42,66.05,0,0.74
2011,8,17,0.10,2.30,0.00,0.00,2.40,-6.65,0,-0.07
2011,8,18,0.15,0.67,0.12,0.12,0.94,16.84,0,0.19
2011,8,19,0.49,0.02,0.54,0.54,1.05,69.58,0,0.78
2011,8,20,0.59,0.00,0.50,0.50,1.10,65.44,0,0.71
2011,8,21,0.76,0.00,0.53,0.53,1.29,69.34,0,0.78
2011,8,22,0.74,0.00,0.56,0.56,1.29,74.27,0,0.83
2011,8,23,0.65,0.00,0.59,0.59,1.23,79.69,0,0.86
2011,8,24,0.68,0.00,0.59,0.59,1.27,80.08,0,0.90
2011,8,25,0.81,0.00,0.57,0.57,1.38,73.07,0,0.82
2011,8,26,0.65,0.00,0.57,0.57,1.23,79.97,0,0.86
2011,8,27,0.75,0.00,0.58,0.58,1.34,79.03,0,0.89
2011,8,28,0.77,0.00,0.63,0.63,1.40,84.42,0,0.94
2011,8,29,0.64,0.02,0.50,0.50,1.16,67.35,0,0.73
2011,8,30,0.64,0.00,0.60,0.60,1.24,84.51,0,0.95
2011,8,31,0.60,0.00,0.56,0.56,1.16,77.24,0,0.86
2011,9,1,0.69,0.00,0.71,0.71,1.40,93.98,0,1.02
2011,9,2,0.87,0.00,0.74,0.74,1.61,93.94,0,1.06
2011,9,3,1.01,0.00,0.72,0.72,1.74,86.68,0,0.97
2011,9,4,0.97,0.00,0.71,0.71,1.68,82.61,0,0.90
2011,9,5,0.88,0.00,0.84,0.84,1.73,105.45,0,1.19
2011,9,6,0.84,0.01,0.61,0.61,1.46,77.87,0,0.87
2011,9,7,0.67,0.00,0.57,0.57,1.24,79.77,0,0.86
2011,9,8,0.73,0.03,0.64,0.64,1.40,87.90,0,0.99
2011,9,9,0.49,0.40,0.53,0.53,1.42,74.87,0,0.83
2011,9,10,0.64,0.01,0.59,0.59,1.24,78.76,0,0.85
2011,9,11,0.58,0.16,0.61,0.61,1.35,83.12,0,0.93
2011,9,12,0.72,0.00,0.76,0.76,1.48,106.53,0,1.19
2011,9,13,0.86,0.00,0.80,0.80,1.67,106.23,0,1.15
2011,9,14,0.94,0.00,0.84,0.84,1.77,105.64,0,1.19
2011,9,15,0.86,0.00,0.83,0.83,1.68,110.89,0,1.24
2011,9,16,0.92,0.20,0.86,0.86,1.98,105.81,0,1.15
2011,9,17,1.18,0.00,0.94,0.94,2.12,107.96,0,1.22
2011,9,18,1.01,0.00,0.31,1.04,1.32,123.68,0,1.39
2011,9,19,1.29,0.36,0.25,1.09,1.90,122.40,0,1.33
2011,9,20,0.77,0.46,0.22,0.73,1.46,94.50,0,1.06
2011,9,21,0.90,0.00,0.27,0.90,1.17,113.77,0,1.27
2011,9,22,1.23,0.00,0.32,1.08,1.55,126.01,0,1.37
2011,9,23,1.03,0.00,0.27,0.95,1.30,120.10,0,1.35
2011,9,24,0.86,0.00,0.24,0.83,1.09,109.97,0,1.23
2011,9,25,1.02,0.00,0.31,1.10,1.33,140.73,0,1.52
2011,9,26,1.04,0.00,0.30,1.08,1.34,136.43,0,1.54
2011,9,27,1.15,0.20,0.35,1.15,1.69,134.24,0,1.51
2011,9,28,0.59,2.43,0.28,0.31,3.31,35.14,0,0.38
2011,9,29,0.34,2.10,0.56,0.56,3.00,72.98,0,0.82
2011,9,30,0.62,0.83,0.71,0.71,2.15,93.90,0,1.05
2011,10,1,0.38,1.33,0.69,0.69,2.39,92.56,0,1.00
2011,10,2,0.77,0.00,0.85,0.85,1.62,112.08,0,1.26
2011,10,3,0.79,0.03,0.86,0.86,1.67,111.52,0,1.25
2011,10,4,0.98,0.00,1.02,1.02,2.00,128.90,0,1.39
2011,10,5,0.77,0.00,0.67,0.67,1.44,82.63,0,0.93
2011,10,6,0.50,0.27,0.58,0.58,1.35,71.77,0,0.80
2011,10,7,0.70,0.49,0.89,0.89,2.08,111.21,0,1.20
2011,10,8,0.79,0.14,1.06,1.06,1.98,131.46,0,1.48
2011,10,9,0.87,0.13,1.10,1.10,2.10,140.03,0,1.57
2011,10,10,0.70,0.01,0.71,0.71,1.43,95.86,0,1.03
2011,10,11,0.78,0.00,0.79,0.79,1.57,102.49,0,1.15
2011,10,12,0.93,0.00,1.20,1.20,2.13,155.63,0,1.74
2011,10,13,1.11,0.00,1.43,1.43,2.54,176.01,0,1.91
2011,10,14,1.28,0.00,1.46,1.46,2.75,167.18,0,1.89
2011,10,15,1.16,0.00,1.44,1.44,2.60,167.46,0,1.88
2011,10,16,1.10,0.00,1.27,1.27,2.37,160.96,0,1.74
2011,10,17,1.11,0.00,1.39,1.39,2.50,179.30,0,2.02
2011,10,18,1.29,0.00,1.50,1.50,2.79,180.40,0,2.02
2011,10,19,1.45,0.00,1.62,1.62,3.07,178.63,0,1.94
2011,10,20,1.48,0.10,1.58,1.58,3.16,167.97,0,1.91
2011,10,21,0.80,0.14,0.78,0.78,1.73,88.36,0,0.99
2011,10,22,0.83,0.96,1.07,1.07,2.86,123.38,0,1.34
2011,10,23,1.37,0.00,1.51,1.51,2.87,162.49,0,1.84
2011,10,24,0.92,0.34,0.75,0.75,2.01,84.74,0,0.95
2011,10,25,0.90,0.00,1.12,1.12,2.03,139.91,0,1.51
2011,10,26,1.05,0.00,1.29,1.29,2.34,154.23,0,1.74
2011,10,27,1.34,0.00,1.65,1.65,2.99,187.77,0,2.11
2011,10,28,1.42,0.41,1.67,1.67,3.50,176.29,0,1.92
2011,10,29,1.10,0.38,1.58,1.58,3.06,181.02,0,2.04
2011,10,30,0.82,0.07,1.01,1.03,1.89,130.37,0,1.46
2011,10,31,1.07,0.00,0.92,1.49,1.99,189.08,0,2.05
2011,11,1,1.13,0.00,0.81,1.56,1.94,187.98,0,2.12
2011,11,2,0.84,0.13,0.38,0.99,1.35,120.32,0,1.35
2011,11,3,1.07,0.02,0.56,1.48,1.65,177.95,0,1.93
2011,11,4,1.28,0.00,0.64,1.74,1.92,205.92,0,2.32
2011,11,5,1.58,0.00,0.68,1.90,2.27,207.60,0,2.34
2011,11,6,1.52,0.00,0.57,1.63,2.09,170.30,0,1.86
2011,11,7,1.58,0.00,0.64,2.03,2.22,217.55,0,2.47
2011,11,8,1.30,0.16,0.39,1.39,1.85,144.80,0,1.63
2011,11,9,0.90,2.46,0.75,1.20,4.12,128.66,0,1.40
2011,11,10,1.26,0.86,1.25,1.83,3.37,212.26,0,2.40
2011,11,11,1.40,0.00,1.26,1.90,2.67,221.32,0,2.48
2011,11,12,1.49,0.00,1.27,1.96,2.76,219.02,0,2.38
2011,11,13,1.32,0.00,0.86,1.33,2.18,143.94,0,1.63
2011,11,14,1.46,0.00,1.21,1.89,2.67,206.04,0,2.32
2011,11,15,1.54,0.18,1.35,2.08,3.06,226.96,0,2.47
2011,11,16,1.16,0.42,0.92,1.34,2.49,155.10,0,1.75
2011,11,17,1.43,0.03,1.25,1.84,2.72,204.32,0,2.30
2011,11,18,1.64,0.07,1.38,2.05,3.09,207.07,0,2.26
2011,11,19,1.02,1.71,0.79,0.91,3.52,95.33,0,1.08
2011,11,20,1.33,0.02,1.71,1.98,3.05,229.37,0,2.57
2011,11,21,1.40,0.00,1.57,1.84,2.97,218.40,0,2.37
2011,11,22,1.16,0.01,1.14,1.38,2.31,161.63,0,1.82
2011,11,23,1.26,0.00,1.42,1.92,2.68,230.27,0,2.58
2011,11,24,1.43,0.00,1.44,1.97,2.87,225.51,0,2.45
2011,11,25,0.79,0.65,0.82,1.09,2.26,125.05,0,1.41
2011,11,26,0.58,2.39,1.17,1.17,4.14,136.57,0,1.53
2011,11,27,1.32,0.03,2.04,2.04,3.39,231.40,0,2.51
2011,11,28,1.63,0.00,2.07,2.07,3.70,216.97,0,2.46
2011,11,29,1.62,0.00,1.75,1.77,3.37,174.36,0,2.09
2011,11,30,1.37,0.17,1.68,1.73,3.22,195.40,0,2.33
2011,12,1,1.15,0.00,1.50,1.57,2.65,195.02,0,2.29
2011,12,2,1.37,0.00,1.95,2.06,3.32,246.80,0,2.66
2011,12,3,1.33,0.00,1.95,2.09,3.28,243.78,0,2.46
2011,12,4,1.20,0.00,1.75,1.92,2.95,241.12,1,1.84
2011,12,5,1.46,0.00,1.88,2.09,3.34,249.90,0,2.26
2011,12,6,1.61,0.00,1.96,2.19,3.57,247.41,0,2.10
2011,12,7,1.64,0.00,1.86,2.09,3.50,227.19,0,2.43
2011,12,8,1.74,0.00,1.91,2.17,3.65,224.07,0,1.71
2011,12,9,1.59,0.00,1.67,1.89,3.26,193.71,0,2.54
2011,12,10,1.07,0.58,1.16,1.26,2.81,136.36,0,2.52
2011,12,11,1.16,0.57,1.42,2.12,3.15,243.53,0,3.65
2011,12,12,1.35,0.00,1.31,2.17,2.66,257.37,1,3.10
2011,12,13,1.25,0.00,1.27,2.12,2.53,256.31,1,2.54
2011,12,14,1.38,0.00,1.30,2.16,2.68,257.16,0,2.26
2011,12,15,1.46,0.00,1.23,2.08,2.70,231.03,0,1.89
2011,12,16,1.69,0.00,1.26,2.14,2.95,228.26,0,2.11
2011,12,17,1.79,0.10,1.32,2.26,3.20,238.77,0,2.33
2011,12,18,0.85,3.07,0.61,0.68,4.53,78.47,0,2.09
2011,12,19,1.34,0.39,1.48,1.61,3.21,191.18,0,3.95
2011,12,20,1.47,0.00,1.83,2.01,3.30,248.94,1,3.18
2011,12,21,1.52,0.00,1.36,1.81,2.88,214.70,0,2.43
2011,12,22,1.90,0.01,1.70,2.28,3.62,257.63,0,2.13
2011,12,23,1.81,0.16,1.40,1.85,3.36,203.40,0,2.16
2011,12,24,1.74,0.17,1.33,1.75,3.24,192.69,0,2.78
2011,12,25,1.48,0.48,1.16,1.46,3.12,163.13,0,2.66
2011,12,26,1.41,0.00,1.46,1.83,2.87,218.93,1,2.05
2011,12,27,1.48,0.00,1.49,2.01,2.97,252.42,0,2.32
2011,12,28,1.68,0.00,0.99,2.04,2.67,248.54,0,2.53
2011,12,29,1.65,0.00,1.00,2.05,2.64,248.92,0,2.61
2011,12,30,1.87,0.00,1.04,2.15,2.91,246.34,0,2.41
2011,12,31,1.89,0.00,0.95,1.98,2.85,218.10,0,2.15
2012,1,1,2.06,0.00,1.00,2.13,3.06,224.02,0,2.11
2012,1,2,2.10,0.00,1.04,2.24,3.14,230.82,0,1.92
2012,1,3,1.88,0.00,0.74,1.58,2.62,161.15,0,1.38
2012,1,4,1.69,0.06,0.91,1.93,2.66,223.13,0,1.55
2012,1,5,1.55,0.00,0.86,1.83,2.41,230.76,0,1.97
2012,1,6,1.72,0.00,0.92,1.95,2.64,237.83,0,2.37
2012,1,7,1.55,0.00,0.65,1.35,2.20,154.64,0,2.13
2012,1,8,1.25,1.62,0.66,1.10,3.53,126.99,0,3.56
2012,1,9,1.52,0.00,0.91,1.51,2.43,186.78,0,2.70
2012,1,10,1.54,0.00,0.97,1.60,2.52,197.94,1,2.22
2012,1,11,1.33,0.07,0.88,1.54,2.29,203.83,0,1.96
2012,1,12,1.15,0.00,0.59,1.08,1.74,143.08,1,1.14
2012,1,13,1.36,0.00,0.95,1.73,2.31,222.48,1,1.45
2012,1,14,1.47,0.00,1.06,1.94,2.54,247.26,1,1.73
2012,1,15,1.63,0.00,1.04,1.89,2.67,227.31,0,1.61
2012,1,16,1.87,0.00,1.20,2.18,3.06,243.50,0,1.87
2012,1,17,1.86,0.00,1.07,1.94,2.93,208.59,0,2.61
2012,1,18,1.39,0.33,0.68,1.18,2.40,131.95,0,2.99
2012,1,19,1.71,0.00,0.47,2.10,2.18,245.89,0,2.00
2012,1,20,1.57,0.00,0.40,2.04,1.98,241.98,0,1.42
2012,1,21,1.70,0.00,0.43,2.16,2.13,243.72,0,1.64
2012,1,22,1.91,0.00,0.40,2.04,2.31,222.19,0,1.67
2012,1,23,1.95,0.00,0.41,2.09,2.36,228.38,0,2.03
2012,1,24,1.95,0.00,0.38,2.02,2.33,218.61,0,2.19
2012,1,25,1.88,0.00,0.36,2.06,2.24,228.21,1,2.33
2012,1,26,1.65,0.00,0.29,2.05,1.95,241.09,0,2.06
2012,1,27,1.90,0.00,0.30,2.14,2.20,234.16,0,1.52
2012,1,28,1.92,0.00,0.30,2.12,2.22,225.67,0,2.04
2012,1,29,1.69,0.58,0.34,1.91,2.61,207.85,0,3.12
2012,1,30,0.96,2.14,0.33,0.90,3.43,102.28,0,2.72
2012,1,31,1.27,0.00,0.55,1.47,1.82,189.79,1,3.41
2012,2,1,1.59,0.00,0.65,1.73,2.24,213.51,1,3.52
2012,2,2,1.51,0.19,0.57,1.44,2.27,170.77,0,2.44
2012,2,3,1.70,0.08,0.68,1.69,2.47,194.46,0,2.32
2012,2,4,1.79,0.00,0.68,1.69,2.47,185.81,0,2.38
2012,2,5,1.06,0.00,0.18,0.43,1.24,48.58,1,1.57
2012,2,6,1.60,0.00,0.70,1.70,2.30,212.83,1,2.95
2012,2,7,1.47,0.00,0.67,1.63,2.14,204.73,0,2.24
2012,2,8,1.50,0.00,0.70,1.71,2.20,217.10,0,2.04
2012,2,9,1.67,0.00,0.48,1.69,2.15,204.33,0,2.15
2012,2,10,1.24,0.10,0.29,0.98,1.63,117.01,0,1.86
2012,2,11,1.42,0.47,0.58,1.78,2.47,216.40,0,3.36
2012,2,12,1.39,0.10,0.50,1.54,1.99,186.79,0,2.45
2012,2,13,1.46,0.00,0.52,1.62,1.99,192.96,0,2.22
2012,2,14,1.78,0.00,0.58,1.80,2.36,203.95,0,2.32
2012,2,15,1.80,0.00,0.55,1.70,2.35,186.19,0,2.12
2012,2,16,1.23,0.24,0.29,0.83,1.75,93.14,0,1.64
2012,2,17,1.37,0.11,0.59,1.66,2.07,196.46,0,3.07
2012,2,18,1.68,0.00,0.62,1.74,2.30,197.92,0,3.01
2012,2,19,1.10,0.00,0.23,0.68,1.33,77.13,1,1.48
2012,2,20,0.62,1.28,0.20,0.46,2.11,56.09,0,1.72
2012,2,21,1.38,0.01,0.64,1.43,2.03,169.44,0,2.99
2012,2,22,1.59,0.00,0.71,1.57,2.30,183.06,1,2.66
2012,2,23,1.69,0.00,0.78,1.71,2.46,189.56,0,2.16
2012,2,24,1.78,0.00,0.80,1.73,2.57,182.17,0,2.01
2012,2,25,1.77,0.00,0.82,1.79,2.59,178.03,0,2.23
2012,2,26,1.31,0.22,0.68,1.40,2.21,139.79,0,1.37
2012,2,27,0.25,2.49,0.30,0.36,3.04,37.79,0,1.46
2012,2,28,0.78,1.85,1.12,1.12,3.75,123.68,0,3.02
2012,2,29,0.57,0.12,0.60,0.60,1.28,67.37,0,2.17
2012,3,1,0.73,0.12,0.92,0.92,1.77,102.58,0,3.52
2012,3,2,0.83,0.84,0.74,0.78,2.41,86.70,0,2.78
2012,3,3,0.30,3.92,0.36,0.36,4.58,41.30,0,2.26
2012,3,4,1.07,0.20,1.42,1.42,2.69,156.55,0,4.12
2012,3,5,1.02,0.00,1.13,1.13,2.15,129.79,1,2.87
2012,3,6,1.08,0.00,1.44,1.44,2.52,168.83,1,3.06
2012,3,7,1.20,0.00,1.48,1.48,2.68,172.23,1,3.43
2012,3,8,1.12,0.00,1.49,1.49,2.61,170.72,1,2.64
2012,3,9,1.35,0.00,1.51,1.51,2.86,164.52,0,3.14
2012,3,10,1.14,0.00,1.34,1.34,2.48,155.94,1,2.55
2012,3,11,1.18,0.00,1.31,1.31,2.49,152.66,0,2.68
2012,3,12,1.30,0.00,1.42,1.42,2.72,159.36,0,2.37
2012,3,13,1.43,0.00,1.47,1.47,2.90,158.71,0,2.52
2012,3,14,1.08,0.06,1.14,1.14,2.27,120.35,0,2.40
2012,3,15,1.15,0.26,1.22,1.22,2.63,125.49,0,3.90
2012,3,16,0.41,0.39,0.35,0.35,1.15,39.53,0,1.28
2012,3,17,1.07,0.00,1.29,1.29,2.36,151.96,1,3.13
2012,3,18,1.11,0.00,1.35,1.35,2.47,151.36,1,2.94
2012,3,19,1.19,0.00,1.42,1.42,2.62,151.79,0,2.29
2012,3,20,1.14,0.00,1.44,1.44,2.58,143.92,0,2.39
2012,3,21,0.70,0.08,0.47,0.47,1.25,49.10,0,1.39
2012,3,22,1.02,0.00,1.35,1.35,2.37,148.50,1,2.80
2012,3,23,0.84,0.00,1.09,1.09,1.93,124.39,1,2.37
2012,3,24,0.63,0.07,0.57,0.57,1.27,64.59,0,1.37
2012,3,25,0.78,0.00,0.89,0.89,1.67,101.64,1,1.63
2012,3,26,0.92,0.00,1.14,1.14,2.07,126.86,1,1.79
2012,3,27,0.82,0.00,1.03,1.03,1.85,112.30,1,2.00
2012,3,28,1.08,0.00,1.31,1.31,2.39,135.51,1,2.22
2012,3,29,1.09,0.06,1.26,1.26,2.41,130.15,0,1.58
2012,3,30,1.10,0.00,1.24,1.24,2.34,124.08,0,2.16
2012,3,31,0.98,0.00,0.91,0.91,1.89,89.30,0,1.96
2012,4,1,0.90,0.00,0.93,0.93,1.84,99.23,1,1.75
2012,4,2,1.01,0.00,1.09,1.09,2.10,113.69,1,1.78
2012,4,3,1.08,0.00,1.00,1.10,2.08,107.00,1,1.79
2012,4,4,1.13,0.00,0.14,1.11,1.27,108.82,1,1.78
2012,4,5,1.12,0.00,0.10,1.04,1.23,100.89,1,1.72
2012,4,6,0.95,0.03,0.09,0.88,1.07,86.86,0,1.92
2012,4,7,0.91,0.00,0.10,0.90,1.00,102.40,1,1.59
2012,4,8,0.63,0.00,0.05,0.44,0.68,50.79,1,0.97
2012,4,9,0.67,0.03,0.08,0.71,0.78,85.57,0,1.62
2012,4,10,0.50,0.00,0.05,0.42,0.55,53.10,1,1.02
2012,4,11,0.75,0.00,0.10,0.85,0.85,97.04,1,1.49
2012,4,12,0.84,0.00,0.10,0.85,0.94,91.16,1,1.19
2012,4,13,0.84,0.00,0.11,0.88,0.95,91.25,1,1.23
2012,4,14,0.85,0.00,0.11,0.87,0.96,85.93,1,1.42
2012,4,15,0.88,0.00,0.12,0.97,1.00,91.81,1,1.17
2012,4,16,0.80,0.00,0.08,0.91,0.88,87.39,1,1.31
2012,4,17,0.84,0.00,0.03,0.89,0.87,85.28,1,1.33
2012,4,18,0.77,0.13,0.05,0.78,0.95,73.28,0,1.10
2012,4,19,0.49,1.13,0.19,0.73,1.81,69.98,0,1.59
2012,4,20,0.74,0.00,0.23,0.90,0.97,85.94,1,1.86
2012,4,21,0.77,0.01,0.24,0.91,1.02,85.43,0,1.38
2012,4,22,0.39,1.09,0.22,0.49,1.70,47.66,0,1.37
2012,4,23,0.59,0.72,0.37,0.63,1.68,64.30,0,1.89
2012,4,24,0.21,0.45,0.09,0.13,0.75,15.55,0,0.81
2012,4,25,0.35,0.03,0.21,0.30,0.59,33.25,0,1.34
2012,4,26,0.37,0.01,0.29,0.41,0.66,44.01,0,0.99
2012,4,27,0.61,0.00,0.52,0.73,1.12,75.97,1,1.33
2012,4,28,0.64,0.00,0.50,0.69,1.13,71.23,1,1.39
2012,4,29,0.61,0.00,0.51,0.69,1.12,74.22,1,1.36
2012,4,30,0.47,0.00,0.34,0.45,0.81,49.70,1,0.74
2012,5,1,0.70,0.00,0.59,0.78,1.29,76.66,1,1.46
2012,5,2,0.43,0.08,0.41,0.52,0.92,56.12,0,1.01
2012,5,3,0.41,0.03,0.29,0.35,0.73,40.44,0,0.84
2012,5,4,0.37,0.03,0.27,0.32,0.68,35.93,0,0.75
2012,5,5,0.43,0.00,0.42,0.48,0.85,53.67,1,1.00
2012,5,6,0.52,0.00,0.50,0.56,1.02,62.05,1,1.04
2012,5,7,0.30,0.07,0.30,0.32,0.68,36.01,0,0.88
2012,5,8,0.62,0.00,0.55,0.57,1.17,59.10,1,1.18
2012,5,9,0.36,0.06,0.06,0.06,0.48,6.20,0,0.35
2012,5,10,0.61,0.00,0.54,0.54,1.15,56.73,1,1.01
2012,5,11,0.54,0.00,0.41,0.41,0.95,45.32,1,1.07
2012,5,12,0.49,0.00,0.32,0.32,0.81,37.31,1,0.90
2012,5,13,0.35,0.17,0.21,0.21,0.74,24.79,0,1.23
2012,5,14,0.47,0.03,0.56,0.56,1.06,64.58,0,1.30
2012,5,15,0.36,0.04,0.20,0.20,0.61,23.78,0,0.67
2012,5,16,0.49,0.02,0.35,0.35,0.86,41.26,0,0.67
2012,5,17,0.54,0.00,0.36,0.36,0.90,43.66,1,0.61
2012,5,18,0.51,0.00,0.32,0.32,0.82,38.07,1,0.91
2012,5,19,0.47,0.02,0.40,0.40,0.88,48.93,0,0.63
2012,5,20,0.49,0.00,0.31,0.31,0.80,39.06,1,0.57
2012,5,21,0.48,0.00,0.42,0.43,0.90,56.26,1,1.06
2012,5,22,0.56,0.00,0.29,0.29,0.85,34.92,1,1.05
2012,5,23,0.74,0.00,0.40,0.40,1.14,45.27,1,1.38
2012,5,24,0.22,1.14,0.00,0.00,1.36,0.51,0,0.05
2012,5,25,0.07,2.26,0.00,0.00,2.32,-2.03,0,0.05
2012,5,26,0.26,0.04,0.32,0.32,0.61,38.87,0,1.25
2012,5,27,0.49,0.00,0.35,0.35,0.84,42.83,1,1.14
2012,5,28,0.32,0.00,0.07,0.07,0.39,8.51,0,0.31
2012,5,29,0.40,0.00,0.23,0.23,0.63,28.36,1,0.55
2012,5,30,0.40,0.00,0.25,0.25,0.65,30.56,1,0.55
2012,5,31,0.36,0.00,0.30,0.30,0.66,37.98,1,0.63
2012,6,1,0.34,0.00,0.29,0.29,0.63,36.89,1,1.01
2012,6,2,0.31,0.00,0.00,0.00,0.31,-6.47,0,-1.35
2012,6,3,0.40,0.00,0.20,0.20,0.60,24.65,1,0.52
2012,6,4,0.27,1.40,0.36,0.36,2.04,44.62,0,0.98
2012,6,5,0.34,0.03,0.00,0.00,0.37,-2.01,0,-0.10
2012,6,6,0.51,0.00,0.16,0.16,0.67,20.11,1,0.62
2012,6,7,0.20,0.02,0.00,0.00,0.22,-9.90,0,-0.57
2012,6,8,0.35,0.00,0.24,0.24,0.59,30.02,1,0.95
2012,6,9,0.26,0.03,0.27,0.27,0.56,32.97,0,0.62
2012,6,10,0.40,0.00,0.17,0.17,0.57,22.21,1,0.40
2012,6,11,0.42,0.00,0.18,0.18,0.60,22.66,1,0.29
2012,6,12,0.33,0.00,0.16,0.16,0.50,21.50,1,0.39
2012,6,13,0.41,0.00,0.26,0.26,0.66,32.00,1,0.51
2012,6,14,0.16,0.47,0.00,0.00,0.63,-7.13,0,0.12
2012,6,15,0.39,0.00,0.22,0.22,0.61,26.73,1,0.61
2012,6,16,0.27,0.00,0.22,0.22,0.49,27.45,1,0.60
2012,6,17,0.34,0.09,0.12,0.12,0.55,15.20,0,0.48
2012,6,18,0.22,0.09,0.22,0.22,0.53,27.03,0,1.20
2012,6,19,0.44,0.02,0.23,0.23,0.68,29.08,0,0.71
2012,6,20,0.31,0.00,0.27,0.27,0.58,36.76,1,0.64
2012,6,21,0.04,2.19,0.03,0.03,2.26,3.80,0,-0.18
2012,6,22,0.12,0.75,0.00,0.00,0.87,-6.37,0,-0.78
2012,6,23,0.24,0.04,0.22,0.22,0.50,29.93,0,0.81
2012,6,24,0.16,0.06,0.21,0.21,0.43,25.91,0,1.08
2012,6,25,0.21,0.10,0.24,0.24,0.55,29.21,0,0.92
2012,6,26,0.40,0.00,0.20,0.20,0.60,27.90,1,0.65
2012,6,27,0.38,0.06,0.37,0.37,0.82,48.52,0,0.61
2012,6,28,0.32,0.06,0.23,0.23,0.61,28.71,0,0.95
2012,6,29,0.25,0.23,0.06,0.06,0.54,8.02,0,1.34
2012,6,30,0.12,0.21,0.00,0.00,0.34,-0.12,0,-0.01
2012,7,1,0.06,0.77,0.12,0.12,0.95,16.35,0,-3.65
2012,7,2,0.33,0.08,0.11,0.11,0.52,14.32,0,0.67
2012,7,3,0.28,0.07,0.13,0.13,0.48,16.17,0,0.54
2012,7,4,0.34,0.03,0.18,0.18,0.55,23.16,0,0.61
2012,7,5,0.34,0.00,0.16,0.16,0.51,21.59,1,0.49
2012,7,6,0.37,0.00,0.27,0.27,0.65,37.15,1,0.73
2012,7,7,0.40,0.00,0.37,0.37,0.77,53.83,1,0.87
2012,7,8,0.38,0.00,0.26,0.26,0.64,34.33,1,0.53
2012,7,9,0.30,0.22,0.21,0.21,0.73,24.73,0,1.67
2012,7,10,0.06,1.57,0.07,0.07,1.70,7.58,0,-2.23
2012,7,11,0.19,0.23,0.32,0.32,0.75,35.79,0,1.37
2012,7,12,0.07,0.91,0.00,0.00,0.98,-1.07,0,0.44
2012,7,13,0.21,0.20,0.46,0.46,0.88,50.40,0,1.91
2012,7,14,0.20,0.72,0.44,0.44,1.37,50.61,0,1.66
2012,7,15,0.21,0.09,0.28,0.28,0.58,33.47,0,1.44
2012,7,16,0.11,0.16,0.30,0.30,0.58,33.04,0,1.24
2012,7,17,0.38,0.00,0.31,0.31,0.70,34.52,1,1.20
2012,7,18,0.32,0.16,0.21,0.21,0.70,25.32,0,0.69
2012,7,19,0.37,0.00,0.37,0.37,0.74,44.74,1,0.72
2012,7,20,0.27,0.06,0.43,0.43,0.76,49.98,0,0.57
2012,7,21,0.36,0.05,0.37,0.37,0.77,41.49,0,1.05
2012,7,22,0.36,0.01,0.33,0.33,0.71,38.42,0,0.83
2012,7,23,0.36,0.00,0.46,0.46,0.82,54.19,1,0.88
2012,7,24,0.27,0.00,0.39,0.39,0.66,46.94,1,1.27
2012,7,25,0.23,0.19,0.22,0.22,0.64,24.42,0,1.10
2012,7,26,0.08,0.50,0.17,0.17,0.75,19.93,0,1.08
2012,7,27,0.18,0.82,0.37,0.37,1.37,42.83,0,1.49
2012,7,28,0.29,0.16,0.34,0.34,0.79,39.52,0,0.81
2012,7,29,0.32,0.04,0.29,0.29,0.65,35.27,0,1.05
2012,7,30,0.36,0.04,0.33,0.33,0.72,38.36,0,1.26
2012,7,31,0.46,0.02,0.49,0.49,0.97,57.58,0,1.20
2012,8,1,0.44,0.00,0.43,0.43,0.86,51.27,1,0.80
2012,8,2,0.23,0.00,0.31,0.31,0.54,39.60,1,0.73
2012,8,3,0.47,0.00,0.61,0.61,1.08,71.20,1,0.94
2012,8,4,0.53,0.14,0.61,0.61,1.28,68.80,0,1.36
2012,8,5,0.40,0.42,0.46,0.46,1.28,51.34,0,1.72
2012,8,6,0.37,0.05,0.50,0.50,0.92,61.18,0,1.02
2012,8,7,0.43,0.00,0.49,0.49,0.92,58.13,1,1.19
2012,8,8,0.16,0.42,0.06,0.06,0.65,7.54,0,-1.10
2012,8,9,0.32,0.12,0.39,0.39,0.83,46.85,0,1.81
2012,8,10,0.34,0.25,0.42,0.42,1.01,47.64,0,1.52
2012,8,11,0.45,0.04,0.56,0.56,1.04,62.56,0,1.31
2012,8,12,0.46,0.01,0.56,0.56,1.03,63.67,0,1.13
2012,8,13,0.44,0.00,0.65,0.65,1.09,75.20,1,1.13
2012,8,14,0.25,0.12,0.17,0.17,0.54,19.23,0,0.76
2012,8,15,0.30,0.11,0.63,0.63,1.04,76.13,0,1.98
2012,8,16,0.27,0.47,0.58,0.58,1.32,67.02,0,1.79
2012,8,17,0.11,1.48,0.21,0.21,1.80,25.37,0,2.19
2012,8,18,0.35,0.31,0.48,0.48,1.14,55.25,0,1.80
2012,8,19,0.38,0.03,0.43,0.43,0.83,52.48,0,1.05
2012,8,20,0.33,0.04,0.51,0.51,0.87,60.83,0,1.16
2012,8,21,0.62,0.11,0.83,0.83,1.56,91.91,0,1.88
2012,8,22,0.54,0.15,0.60,0.60,1.29,62.47,0,2.37
2012,8,23,0.40,0.55,0.29,0.29,1.23,31.21,0,1.13
2012,8,24,0.29,0.28,0.46,0.46,1.03,54.98,0,1.66
2012,8,25,0.21,0.11,0.54,0.54,0.87,66.64,0,1.76
2012,8,26,0.48,0.01,0.58,0.58,1.07,66.91,0,1.38
2012,8,27,0.44,0.00,0.53,0.53,0.98,64.06,1,0.92
2012,8,28,0.61,0.06,0.84,0.84,1.51,94.55,0,1.45
2012,8,29,0.68,0.14,0.92,0.92,1.74,97.57,0,2.30
2012,8,30,0.42,0.15,0.71,0.71,1.28,84.60,0,1.97
2012,8,31,0.44,0.33,0.50,0.50,1.27,61.19,0,1.50
2012,9,1,0.62,0.00,0.83,0.83,1.46,98.00,1,1.38
2012,9,2,0.63,0.00,0.94,0.94,1.57,109.91,1,1.35
2012,9,3,0.71,0.00,0.86,0.86,1.57,93.49,1,1.23
2012,9,4,0.87,0.00,0.90,0.90,1.77,90.37,1,1.73
2012,9,5,0.32,0.03,0.00,0.00,0.35,-32.36,0,1.64
2012,9,6,0.52,0.59,0.58,0.58,1.68,60.16,0,1.65
2012,9,7,0.47,0.25,0.86,0.86,1.58,98.07,0,2.75
2012,9,8,0.53,0.04,0.88,0.88,1.44,96.73,0,2.04
2012,9,9,0.69,0.00,1.10,1.10,1.79,119.10,1,1.55
2012,9,10,0.69,0.00,1.09,1.09,1.79,123.16,0,1.34
2012,9,11,0.81,0.00,1.10,1.10,1.91,117.11,1,1.68
2012,9,12,0.86,0.14,1.18,1.18,2.18,119.60,0,1.93
2012,9,13,0.59,0.15,0.86,0.86,1.60,98.09,0,2.08
2012,9,14,0.41,0.00,0.53,0.53,0.94,61.50,1,0.83
2012,9,15,0.67,0.00,1.12,1.12,1.78,122.23,1,1.55
2012,9,16,0.38,0.01,0.46,0.46,0.86,51.95,0,0.74
2012,9,17,0.45,0.07,0.56,0.56,1.07,59.27,0,0.86
2012,9,18,0.34,1.53,0.54,0.54,2.41,58.75,0,1.25
2012,9,19,0.40,0.13,0.74,0.74,1.27,81.69,0,0.97
2012,9,20,0.77,0.22,1.31,1.31,2.30,130.61,0,2.22
2012,9,21,0.72,0.07,1.00,1.00,1.80,102.06,0,1.65
2012,9,22,0.87,0.00,1.38,1.38,2.25,141.62,0,1.62
2012,9,23,0.84,0.00,1.25,1.25,2.09,131.26,1,1.60
2012,9,24,0.69,0.00,0.94,1.00,1.63,114.70,1,1.33
2012,9,25,0.83,0.00,1.11,1.30,1.94,145.54,1,1.22
2012,9,26,0.90,0.00,1.01,1.25,1.91,130.37,0,1.43
2012,9,27,0.98,0.07,0.81,0.99,1.85,91.27,0,2.04
2012,9,28,0.40,0.63,0.11,0.11,1.14,11.18,0,0.82
2012,9,29,0.56,0.17,0.98,1.03,1.72,122.74,0,2.03
2012,9,30,0.57,0.04,0.79,0.85,1.40,98.99,0,1.73
2012,10,1,0.70,0.00,1.01,1.13,1.71,124.47,1,1.88
2012,10,2,0.94,0.00,1.27,1.58,2.21,159.66,0,1.74
2012,10,3,1.07,0.00,1.34,1.71,2.41,164.97,0,2.01
2012,10,4,1.25,0.00,1.29,1.69,2.54,151.86,0,2.02
2012,10,5,0.89,0.00,1.19,1.59,2.08,162.02,1,1.65
2012,10,6,0.19,1.86,0.12,0.12,2.16,13.66,0,1.18
2012,10,7,0.56,0.01,0.81,0.81,1.38,92.77,0,1.99
2012,10,8,0.58,0.00,0.73,0.73,1.31,82.29,1,1.46
2012,10,9,0.79,0.10,1.38,1.38,2.27,149.95,0,2.00
2012,10,10,0.73,0.02,1.26,1.26,2.00,141.56,0,2.45
2012,10,11,0.34,0.65,0.61,0.61,1.60,72.13,0,2.24
2012,10,12,0.63,0.01,0.96,0.96,1.60,105.92,0,2.30
2012,10,13,0.67,0.03,1.18,1.18,1.88,128.05,0,1.65
2012,10,14,0.99,0.00,1.78,1.78,2.77,182.02,0,2.13
2012,10,15,1.08,0.01,1.40,1.40,2.49,129.02,0,2.14
2012,10,16,0.54,0.46,0.24,0.24,1.24,24.89,0,1.02
2012,10,17,0.88,0.00,1.43,1.43,2.31,161.33,1,1.94
2012,10,18,1.01,0.00,1.34,1.34,2.36,145.55,0,1.63
2012,10,19,1.33,0.07,1.82,1.82,3.22,183.18,0,2.07
2012,10,20,1.22,0.00,1.34,1.79,2.56,187.66,0,1.99
2012,10,21,1.10,0.00,1.26,1.77,2.36,200.46,0,1.85
2012,10,22,1.08,0.00,1.12,1.65,2.20,193.02,0,1.64
2012,10,23,1.15,0.00,1.01,1.53,2.16,170.65,0,1.75
2012,10,24,0.96,0.00,0.52,0.77,1.48,80.92,0,1.59
2012,10,25,1.14,0.00,1.09,1.65,2.23,171.99,0,1.70
2012,10,26,0.85,0.04,0.79,1.19,1.68,141.90,0,1.48
2012,10,27,0.92,0.00,1.06,1.62,1.98,196.04,0,1.43
2012,10,28,1.19,0.00,1.19,1.84,2.38,201.86,0,1.76
2012,10,29,1.36,0.00,1.17,1.87,2.53,188.58,0,1.67
2012,10,30,1.55,0.00,1.07,2.04,2.62,194.33,0,1.87
2012,10,31,1.32,0.00,0.69,1.39,2.01,130.83,1,1.89
2012,11,1,0.98,0.22,0.63,1.23,1.83,133.32,0,1.90
2012,11,2,0.90,0.00,0.79,1.56,1.69,183.49,0,1.41
2012,11,3,1.18,0.00,0.86,1.70,2.04,181.82,0,1.73
2012,11,4,1.42,0.00,0.99,1.98,2.41,194.56,0,1.81
2012,11,5,0.83,0.07,0.21,0.40,1.11,37.65,0,1.22
2012,11,6,0.74,0.55,0.36,0.60,1.64,57.77,0,1.74
2012,11,7,0.54,0.04,0.15,0.57,0.73,59.51,0,1.53
2012,11,8,1.24,0.14,0.49,1.82,1.86,188.70,0,2.84
2012,11,9,1.10,0.00,0.48,1.82,1.57,204.60,1,2.28
2012,11,10,1.18,0.00,0.49,1.99,1.67,224.00,1,1.61
2012,11,11,1.36,0.00,0.51,2.13,1.87,220.94,0,2.00
2012,11,12,1.29,0.00,0.27,1.63,1.56,164.09,1,2.16
2012,11,13,1.15,0.00,0.32,2.01,1.47,226.15,0,1.80
2012,11,14,1.25,0.00,0.30,1.96,1.55,212.63,0,1.82
2012,11,15,1.04,0.00,0.19,1.24,1.23,134.00,1,1.43
2012,11,16,1.09,0.00,0.30,2.00,1.39,225.94,0,1.31
2012,11,17,1.14,0.00,0.20,1.94,1.34,217.16,0,1.61
2012,11,18,1.09,0.01,0.18,1.78,1.28,200.55,0,1.46
2012,11,19,1.33,0.00,0.22,2.21,1.55,233.41,0,1.52
2012,11,20,1.41,0.00,0.19,2.08,1.60,206.43,0,1.91
2012,11,21,1.37,0.00,0.18,1.90,1.55,189.46,1,1.50
2012,11,22,1.23,0.00,0.20,2.17,1.43,234.79,0,1.48
2012,11,23,1.44,0.00,0.20,2.19,1.64,218.28,0,1.64
2012,11,24,1.55,0.00,0.19,2.04,1.74,189.83,0,1.65
2012,11,25,1.47,0.00,0.21,2.36,1.67,226.93,0,1.75
2012,11,26,1.04,0.09,0.11,1.15,1.24,115.70,0,1.46
2012,11,27,1.00,0.24,0.16,1.47,1.40,147.23,0,2.94
2012,11,28,1.57,0.00,0.27,2.46,1.85,228.07,0,2.39
2012,11,29,1.75,0.00,0.30,2.73,2.05,241.33,0,1.71
2012,11,30,1.09,0.16,0.10,0.84,1.36,77.81,0,2.02
2012,12,1,1.22,0.19,0.17,1.21,1.57,121.33,0,2.62
2012,12,2,1.35,0.00,0.26,1.89,1.61,217.64,0,2.02
2012,12,3,1.34,0.00,0.20,1.71,1.54,198.11,0,1.91
2012,12,4,1.25,0.00,0.20,1.69,1.45,208.10,0,1.75
2012,12,5,1.05,0.07,0.14,1.10,1.26,134.25,0,1.35
2012,12,6,1.38,0.00,0.24,1.94,1.62,223.95,0,1.53
2012,12,7,1.24,0.00,0.12,1.04,1.36,111.67,0,1.28
2012,12,8,1.72,0.00,0.15,2.08,1.87,208.94,0,2.35
2012,12,9,1.37,0.00,0.14,2.17,1.52,253.57,1,1.55
2012,12,10,1.47,0.00,0.12,2.22,1.59,254.62,0,1.69
2012,12,11,1.74,0.00,0.13,2.34,1.87,247.71,0,1.69
2012,12,12,1.73,0.00,0.12,2.23,1.85,225.45,0,1.68
2012,12,13,1.69,0.05,0.13,2.21,1.87,219.53,0,2.20
2012,12,14,0.48,0.10,0.03,0.45,0.61,48.85,0,1.84
2012,12,15,1.19,0.55,0.15,1.38,1.89,143.60,0,3.84
2012,12,16,1.14,0.00,0.12,1.09,1.26,122.38,1,2.33
2012,12,17,1.56,0.00,0.23,2.19,1.79,251.33,0,2.95
2012,12,18,1.71,0.00,0.25,2.36,1.95,253.57,0,2.15
2012,12,19,1.70,0.06,0.21,1.95,1.97,191.20,0,2.32
2012,12,20,1.55,0.09,0.27,2.40,1.91,265.45,0,3.61
2012,12,21,1.61,0.00,0.25,2.24,1.86,247.30,1,2.88
2012,12,22,1.80,0.00,0.26,2.30,2.06,238.14,0,2.40
2012,12,23,1.82,0.00,0.22,1.92,2.03,185.02,1,2.24
2012,12,24,0.87,0.00,0.03,0.29,0.90,29.91,1,0.59
2012,12,25,1.41,0.00,0.25,2.18,1.67,252.28,0,1.59
2012,12,26,1.57,0.00,0.24,2.10,1.81,232.07,0,1.55
2012,12,27,1.57,0.00,0.24,2.05,1.81,219.31,0,1.93
2012,12,28,1.45,0.00,0.24,2.28,1.69,258.71,1,1.76
2012,12,29,1.44,0.00,0.20,2.23,1.63,253.48,0,1.41
2012,12,30,1.55,0.00,0.19,2.20,1.75,246.19,0,1.64
2012,12,31,1.70,0.00,0.20,2.27,1.90,241.84,0,1.85
2013,1,1,1.74,0.00,0.18,2.35,1.92,244.08,0,1.87
2013,1,2,1.55,0.00,0.14,2.24,1.68,248.02,1,1.77
2013,1,3,1.90,0.00,0.15,2.42,2.04,238.02,0,1.51
2013,1,4,1.94,0.00,0.15,2.51,2.09,233.00,0,1.67
2013,1,5,1.83,0.00,0.15,2.47,1.98,238.74,0,1.78
2013,1,6,1.61,0.00,0.13,2.42,1.74,253.03,0,1.60
2013,1,7,1.89,0.00,0.13,2.42,2.01,232.20,0,1.76
2013,1,8,1.72,0.00,0.10,1.95,1.82,193.76,1,1.69
2013,1,9,1.44,0.00,0.10,1.95,1.54,226.63,0,1.51
2013,1,10,1.73,0.00,0.11,2.20,1.85,234.99,0,1.67
2013,1,11,1.86,0.00,0.12,2.30,1.98,225.03,0,1.50
2013,1,12,1.10,0.00,0.05,1.00,1.15,110.09,1,1.19
2013,1,13,0.52,0.00,0.01,0.22,0.53,25.88,0,1.09
2013,1,14,1.47,0.00,0.11,2.10,1.58,241.78,0,2.34
2013,1,15,1.68,0.00,0.10,2.20,1.78,233.92,0,1.41
2013,1,16,1.78,0.00,0.02,2.20,1.80,223.59,0,2.16
2013,1,17,1.89,0.00,0.02,2.25,1.91,215.41,0,2.29
2013,1,18,1.68,0.00,0.02,1.99,1.70,197.80,1,1.37
2013,1,19,1.46,0.00,0.02,2.02,1.48,224.92,1,1.57
2013,1,20,1.66,0.00,0.01,2.11,1.67,222.77,0,1.53
2013,1,21,1.74,0.00,0.00,2.24,1.74,227.10,0,2.04
2013,1,22,1.56,0.00,0.00,2.18,1.56,233.28,0,1.57
2013,1,23,1.55,0.00,0.00,2.14,1.55,232.09,0,1.68
2013,1,24,1.79,0.00,0.00,2.22,1.79,224.16,0,1.30
2013,1,25,1.34,0.00,0.00,1.04,1.34,105.18,1,1.40
2013,1,26,1.43,0.00,0.00,2.06,1.43,231.65,1,1.47
2013,1,27,1.44,0.00,0.00,2.08,1.44,229.32,0,1.39
2013,1,28,1.54,0.00,0.00,2.09,1.54,224.37,0,1.36
2013,1,29,1.32,0.00,0.00,1.97,1.32,227.41,1,0.94
2013,1,30,1.59,0.00,0.00,1.98,1.59,219.25,0,1.40
2013,1,31,1.49,0.19,0.02,1.78,1.70,192.96,0,1.06
2013,2,1,1.15,0.00,0.02,1.42,1.17,172.14,1,1.04
2013,2,2,1.34,0.00,0.02,1.89,1.36,220.79,0,0.98
2013,2,3,1.39,0.00,0.02,1.77,1.42,193.41,0,1.08
2013,2,4,1.53,0.00,0.02,1.93,1.56,210.03,0,1.41
2013,2,5,1.67,0.00,0.02,1.95,1.70,203.43,0,1.20
2013,2,6,1.81,0.00,0.02,1.97,1.83,194.13,0,1.36
2013,2,7,1.66,0.00,0.02,1.51,1.68,146.20,0,1.33
2013,2,8,1.53,0.00,0.02,1.52,1.55,153.50,1,1.55
2013,2,9,1.38,0.00,0.01,1.13,1.40,114.63,1,1.00
2013,2,10,1.31,0.00,0.02,1.54,1.33,170.84,1,1.18
2013,2,11,1.48,0.00,0.02,1.83,1.51,198.94,0,1.42
2013,2,12,1.51,0.00,0.03,1.94,1.54,205.24,0,0.96
2013,2,13,1.63,0.01,0.03,1.99,1.66,201.88,0,0.97
2013,2,14,1.62,0.22,0.06,2.00,1.90,200.29,0,1.03
2013,2,15,1.43,0.84,0.12,1.41,2.39,142.91,0,1.14
2013,2,16,1.68,0.00,0.17,1.95,1.84,194.54,0,0.90
2013,2,17,1.71,0.00,0.17,1.94,1.87,192.35,0,1.05
2013,2,18,1.68,0.00,0.16,1.89,1.84,186.24,0,1.17
2013,2,19,1.37,0.03,0.12,1.36,1.52,140.81,0,1.10
2013,2,20,1.49,0.00,0.15,1.72,1.64,183.70,1,1.40
2013,2,21,1.46,0.10,0.17,1.79,1.73,184.03,0,1.21
2013,2,22,1.48,0.00,0.15,1.50,1.62,152.45,1,2.23
2013,2,23,1.69,0.00,0.18,1.77,1.86,176.58,0,1.49
2013,2,24,1.60,0.00,0.15,1.53,1.75,148.73,0,1.36
2013,2,25,1.54,0.11,0.19,1.70,1.84,165.70,0,0.94
2013,2,26,0.90,1.33,0.19,0.92,2.42,96.91,0,2.39
2013,2,27,0.70,1.83,0.31,0.79,2.85,83.86,0,2.51
2013,2,28,1.07,0.20,0.58,1.39,1.84,163.77,0,3.09
2013,3,1,1.36,0.00,0.66,1.57,2.02,175.84,1,2.85
2013,3,2,1.47,0.00,0.65,1.54,2.12,168.91,1,2.41
2013,3,3,1.57,0.00,0.67,1.57,2.23,166.61,1,1.67
2013,3,4,1.59,0.00,0.66,1.59,2.24,164.15,0,1.62
2013,3,5,1.55,0.00,0.66,1.61,2.21,166.14,0,1.61
2013,3,6,1.55,0.00,0.68,1.66,2.23,169.86,0,1.48
2013,3,7,1.56,0.00,0.64,1.56,2.20,153.63,0,1.33
2013,3,8,1.53,0.00,0.59,1.42,2.12,138.16,0,1.33
2013,3,9,1.55,0.00,0.65,1.54,2.20,151.64,0,1.46
2013,3,10,1.50,0.00,0.54,1.26,2.04,123.03,0,1.39
2013,3,11,1.64,0.00,0.66,1.54,2.29,149.19,0,1.24
2013,3,12,1.57,0.00,0.67,1.58,2.24,154.21,0,1.40
2013,3,13,1.40,0.00,0.53,1.24,1.93,125.33,1,1.73
2013,3,14,1.24,0.00,0.57,1.33,1.81,151.21,1,1.32
2013,3,15,1.32,0.00,0.57,1.33,1.89,146.82,0,1.60
2013,3,16,0.71,0.34,0.20,0.43,1.25,50.12,0,1.32
2013,3,17,0.97,0.00,0.53,1.09,1.49,136.26,1,1.91
2013,3,18,1.01,0.00,0.51,1.08,1.52,130.19,1,1.26
2013,3,19,1.28,0.00,0.50,1.26,1.78,139.68,0,1.46
2013,3,20,1.19,0.01,0.49,1.21,1.70,125.88,0,1.13
2013,3,21,0.42,0.89,0.08,0.15,1.39,15.40,0,0.85
2013,3,22,0.69,0.00,0.32,0.61,1.01,66.45,1,1.47
2013,3,23,1.01,0.00,0.62,1.18,1.63,124.43,1,2.13
2013,3,24,1.12,0.00,0.66,1.25,1.79,124.63,0,2.17
2013,3,25,1.09,0.00,0.64,1.20,1.73,121.94,1,1.46
2013,3,26,1.31,0.00,0.80,1.50,2.11,142.31,0,1.46
2013,3,27,1.28,0.00,0.67,1.24,1.95,112.13,0,1.63
2013,3,28,0.66,0.97,0.41,0.61,2.04,64.84,0,1.96
2013,3,29,0.79,0.00,0.52,0.78,1.31,89.22,1,1.23
2013,3,30,0.68,0.00,0.34,0.64,1.02,69.95,1,1.23
2013,3,31,0.81,0.14,0.25,0.86,1.20,90.59,0,1.32
2013,4,1,0.82,0.00,0.23,0.84,1.05,92.85,1,1.18
2013,4,2,0.76,0.07,0.23,0.79,1.06,85.30,0,1.02
2013,4,3,0.89,0.00,0.29,1.02,1.18,115.05,1,1.24
2013,4,4,0.95,0.00,0.28,0.97,1.24,105.65,0,1.03
2013,4,5,0.95,0.00,0.27,0.90,1.22,93.82,1,0.77
2013,4,6,1.02,0.00,0.31,1.01,1.33,104.20,1,0.87
2013,4,7,1.00,0.02,0.28,0.90,1.30,91.04,0,0.98
2013,4,8,1.01,0.01,0.31,0.97,1.33,97.16,0,0.90
2013,4,9,0.94,0.03,0.29,0.87,1.26,88.67,0,1.01
2013,4,10,1.02,0.00,0.29,0.86,1.31,86.97,1,0.95
2013,4,11,0.98,0.00,0.32,0.94,1.30,96.84,1,0.98
2013,4,12,0.95,0.00,0.29,0.84,1.24,82.30,1,0.82
2013,4,13,0.59,0.07,0.05,0.14,0.71,13.30,0,0.52
2013,4,14,0.87,0.30,0.40,0.93,1.56,86.68,0,1.01
2013,4,15,0.61,0.00,0.32,0.73,0.93,74.29,1,0.89
2013,4,16,0.75,0.00,0.33,0.74,1.08,75.43,1,0.93
2013,4,17,0.65,0.00,0.24,0.61,0.89,62.59,1,0.74
2013,4,18,0.56,0.02,0.19,0.47,0.77,49.36,0,0.56
2013,4,19,0.74,0.00,0.28,0.68,1.02,73.63,1,0.63
2013,4,20,0.73,0.00,0.31,0.74,1.04,78.75,1,0.74
2013,4,21,0.68,0.09,0.36,0.82,1.13,86.99,0,0.89
2013,4,22,0.31,0.39,0.13,0.36,0.83,38.06,0,1.81
2013,4,23,0.71,0.16,0.35,0.91,1.22,91.65,0,1.78
2013,4,24,0.65,0.00,0.25,0.63,0.91,64.06,1,0.99
2013,4,25,0.70,0.01,0.29,0.72,1.00,72.69,0,0.96
2013,4,26,0.68,0.01,0.26,0.62,0.95,61.59,0,0.56
2013,4,27,0.81,0.00,0.35,0.81,1.16,78.56,1,1.10
2013,4,28,0.85,0.00,0.29,0.66,1.15,61.65,1,0.80
2013,4,29,0.44,0.00,0.06,0.22,0.50,22.50,1,0.36
2013,4,30,0.63,0.00,0.11,0.40,0.74,41.75,1,0.53
2013,5,1,0.48,0.00,0.07,0.27,0.55,28.83,1,0.56
2013,5,2,0.65,0.00,0.12,0.49,0.78,55.03,1,0.44
2013,5,3,0.70,0.06,0.15,0.55,0.90,57.64,0,0.55
2013,5,4,0.68,0.05,0.16,0.59,0.89,63.38,0,0.64
2013,5,5,0.59,0.00,0.13,0.48,0.72,54.31,1,0.52
2013,5,6,0.64,0.00,0.16,0.56,0.79,60.00,1,0.44
2013,5,7,0.38,0.05,0.08,0.27,0.51,27.74,0,0.39
2013,5,8,0.60,0.00,0.20,0.67,0.81,63.82,1,0.76
2013,5,9,0.59,0.00,0.19,0.62,0.78,56.67,1,0.42
2013,5,10,0.58,0.00,0.17,0.55,0.75,50.34,1,0.44
2013,5,11,0.66,0.00,0.18,0.59,0.84,52.74,1,0.57
2013,5,12,0.50,0.15,0.16,0.45,0.82,40.91,0,1.12
2013,5,13,0.25,0.65,0.21,0.37,1.12,37.19,0,1.06
2013,5,14,0.19,0.06,0.15,0.25,0.40,27.21,0,0.84
2013,5,15,0.11,0.62,0.12,0.16,0.86,16.22,0,1.18
2013,5,16,0.25,0.11,0.23,0.30,0.60,30.96,0,1.10
2013,5,17,0.37,0.07,0.23,0.28,0.67,28.88,0,0.70
2013,5,18,0.31,0.04,0.21,0.24,0.55,25.29,0,0.59
2013,5,19,0.42,0.00,0.38,0.43,0.80,44.41,1,0.60
2013,5,20,0.26,0.72,0.54,0.54,1.52,55.13,0,0.97
2013,5,21,0.38,0.00,0.38,0.38,0.76,39.13,1,0.65
2013,5,22,0.05,0.00,0.00,0.00,0.05,-5.41,0,-0.29
2013,5,23,0.39,0.00,0.40,0.40,0.79,40.88,1,1.01
2013,5,24,0.41,0.00,0.36,0.36,0.77,36.80,1,0.61
2013,5,25,0.39,0.00,0.25,0.25,0.64,25.47,1,0.42
2013,5,26,0.41,0.01,0.32,0.32,0.74,31.41,0,0.65
2013,5,27,0.41,0.00,0.27,0.27,0.69,27.58,1,0.38
2013,5,28,0.35,0.00,0.38,0.38,0.72,38.55,1,0.43
2013,5,29,0.41,0.00,0.31,0.31,0.73,30.18,1,0.61
2013,5,30,0.09,0.68,0.10,0.10,0.87,9.25,0,2.50
2013,5,31,0.21,0.37,0.42,0.42,1.00,38.78,0,0.89
2013,6,1,0.04,2.02,0.09,0.09,2.15,8.21,0,-0.49
2013,6,2,0.31,0.01,0.19,0.19,0.51,18.65,0,0.66
2013,6,3,0.27,0.00,0.21,0.21,0.49,21.64,1,0.62
2013,6,4,0.23,0.01,0.26,0.26,0.50,25.62,0,0.38
2013,6,5,0.13,0.07,0.20,0.20,0.39,20.77,0,0.46
2013,6,6,0.35,0.00,0.60,0.60,0.95,57.84,1,1.02
2013,6,7,0.33,0.58,0.28,0.28,1.20,28.07,0,0.81
2013,6,8,0.33,0.00,0.25,0.25,0.58,28.12,1,0.43
2013,6,9,0.28,0.00,0.35,0.35,0.63,39.75,1,0.49
2013,6,10,0.35,0.00,0.44,0.44,0.79,46.36,1,0.86
2013,6,11,0.34,0.01,0.43,0.43,0.78,42.53,0,0.51
2013,6,12,0.04,1.91,0.12,0.12,2.07,12.38,0,-3.87
2013,6,13,0.17,0.14,0.32,0.32,0.63,32.09,0,1.32
2013,6,14,0.24,0.17,0.04,0.04,0.46,4.27,0,0.21
2013,6,15,0.39,0.00,0.15,0.15,0.53,15.43,0,0.54
2013,6,16,0.33,0.00,0.19,0.19,0.52,19.78,1,0.54
2013,6,17,0.24,0.50,0.09,0.09,0.84,9.76,0,0.36
2013,6,18,0.29,0.36,0.20,0.20,0.85,20.97,0,0.58
2013,6,19,0.37,0.00,0.17,0.17,0.54,18.78,0,0.32
2013,6,20,0.29,0.00,0.30,0.30,0.58,33.77,1,0.38
2013,6,21,0.30,0.00,0.38,0.38,0.68,44.19,1,0.69
2013,6,22,0.32,0.00,0.34,0.34,0.66,38.45,1,0.44
2013,6,23,0.39,0.00,0.23,0.23,0.62,24.86,1,0.38
2013,6,24,0.26,0.00,0.09,0.09,0.36,10.22,1,0.26
2013,6,25,0.38,0.00,0.21,0.21,0.59,21.98,1,0.49
2013,6,26,0.38,0.00,0.21,0.21,0.59,22.14,1,0.32
2013,6,27,0.33,0.00,0.39,0.39,0.71,41.68,1,0.41
2013,6,28,0.40,0.00,0.29,0.29,0.69,29.25,1,0.34
2013,6,29,0.34,0.00,0.28,0.28,0.62,28.58,1,0.40
2013,6,30,0.30,0.01,0.30,0.30,0.62,31.17,0,0.47
2013,7,1,0.11,0.07,0.26,0.26,0.44,25.86,0,0.52
2013,7,2,0.29,0.00,0.41,0.41,0.70,38.96,1,0.53
2013,7,3,0.27,0.00,0.32,0.32,0.60,32.45,1,0.86
2013,7,4,0.30,0.26,0.22,0.22,0.78,20.23,0,2.06
2013,7,5,0.29,0.08,0.39,0.39,0.77,37.82,0,1.37
2013,7,6,0.10,0.21,0.14,0.14,0.46,14.40,0,0.76
2013,7,7,0.05,0.13,0.24,0.24,0.41,25.07,0,0.67
2013,7,8,0.11,0.01,0.52,0.52,0.64,56.51,0,0.85
2013,7,9,0.25,0.00,0.51,0.51,0.75,53.12,1,0.78
2013,7,10,0.28,0.00,0.37,0.37,0.64,37.94,1,0.39
2013,7,11,0.15,0.00,0.19,0.19,0.34,19.57,1,0.39
2013,7,12,0.28,0.00,0.58,0.58,0.86,56.60,1,0.95
2013,7,13,0.13,1.12,0.34,0.34,1.59,31.28,0,1.15
2013,7,14,0.05,0.74,0.11,0.11,0.89,9.55,0,1.14
2013,7,15,0.18,0.44,0.46,0.46,1.07,41.06,0,0.97
2013,7,16,0.09,0.11,0.29,0.29,0.49,26.73,0,0.52
2013,7,17,0.07,0.12,0.17,0.17,0.35,15.19,0,1.07
2013,7,18,0.25,1.23,0.34,0.34,1.81,28.41,0,1.69
2013,7,19,0.15,0.71,0.26,0.26,1.12,23.29,0,1.11
2013,7,20,0.11,0.71,0.16,0.16,0.97,16.00,0,0.76
2013,7,21,0.18,0.06,0.23,0.23,0.47,22.88,0,0.70
2013,7,22,0.21,0.05,0.34,0.34,0.59,32.96,0,0.92
2013,7,23,0.19,0.03,0.28,0.28,0.50,27.37,0,1.03
2013,7,24,0.37,0.00,0.40,0.40,0.77,38.68,1,0.90
2013,7,25,0.12,0.02,0.28,0.28,0.42,29.76,0,0.47
2013,7,26,0.20,0.02,0.43,0.43,0.65,41.86,0,0.48
2013,7,27,0.29,0.00,0.56,0.56,0.85,54.27,1,0.72
2013,7,28,0.26,0.41,0.21,0.21,0.89,19.27,0,1.57
2013,7,29,0.24,0.10,0.32,0.32,0.66,28.73,0,0.72
2013,7,30,0.34,0.01,0.43,0.43,0.77,40.20,0,0.97
2013,7,31,0.31,0.00,0.48,0.48,0.79,47.52,1,0.71
2013,8,1,0.26,0.00,0.63,0.63,0.89,64.08,1,1.27
2013,8,2,0.18,0.10,0.05,0.05,0.33,4.84,0,0.25
2013,8,3,0.14,0.90,0.31,0.31,1.35,31.51,0,1.08
2013,8,4,0.18,0.09,0.34,0.34,0.61,33.33,0,0.99
2013,8,5,0.12,0.37,0.27,0.27,0.76,25.51,0,1.27
2013,8,6,0.42,0.25,0.63,0.63,1.30,57.01,0,1.56
2013,8,7,0.15,0.73,0.50,0.50,1.38,52.23,0,0.84
2013,8,8,0.39,0.01,0.66,0.66,1.07,64.28,0,1.43
2013,8,9,0.08,0.54,0.28,0.28,0.90,27.84,0,1.66
2013,8,10,0.35,0.02,0.84,0.84,1.20,79.87,0,1.69
2013,8,11,0.28,0.01,0.66,0.66,0.95,63.16,0,1.45
2013,8,12,0.44,0.52,0.88,0.88,1.84,81.36,0,2.15
2013,8,13,0.34,0.06,0.59,0.59,0.99,55.84,0,1.31
2013,8,14,0.25,0.26,0.10,0.10,0.62,9.89,0,0.66
2013,8,15,0.43,0.00,0.78,0.78,1.20,80.20,1,1.48
2013,8,16,0.47,0.32,0.89,0.89,1.68,89.80,0,1.87
2013,8,17,0.32,0.33,0.55,0.55,1.20,57.16,0,1.85
2013,8,18,0.43,0.41,0.68,0.68,1.52,67.72,0,2.16
2013,8,19,0.31,0.14,0.46,0.46,0.91,52.22,0,1.30
2013,8,20,0.30,0.08,0.51,0.51,0.90,59.12,0,1.24
2013,8,21,0.26,0.15,0.60,0.60,1.01,66.60,0,1.25
2013,8,22,0.27,0.52,0.82,0.82,1.61,86.05,0,2.39
2013,8,23,0.26,0.28,0.43,0.43,0.96,42.50,0,1.55
2013,8,24,0.24,0.02,0.36,0.36,0.61,36.15,0,0.73
2013,8,25,0.33,0.07,0.64,0.64,1.04,63.94,0,1.09
2013,8,26,0.48,0.00,0.78,0.78,1.26,75.53,1,0.89
2013,8,27,0.46,0.00,0.84,0.84,1.31,81.65,0,1.21
2013,8,28,0.60,0.03,0.93,0.93,1.55,85.75,0,1.81
2013,8,29,0.33,0.15,0.14,0.14,0.62,12.52,0,1.24
2013,8,30,0.41,0.06,0.78,0.78,1.26,74.37,0,1.60
2013,8,31,0.68,0.00,1.20,1.20,1.88,113.26,0,2.22
2013,9,1,0.66,0.00,0.96,0.96,1.62,86.64,0,1.78
2013,9,2,0.75,0.00,1.14,1.14,1.89,101.48,0,1.43
2013,9,3,0.73,0.00,1.25,1.25,1.99,111.27,0,1.55
2013,9,4,0.73,0.00,1.27,1.27,2.00,110.43,0,1.79
2013,9,5,0.43,0.26,0.47,0.47,1.17,41.32,0,1.16
2013,9,6,0.18,0.36,0.22,0.22,0.77,21.68,0,0.86
2013,9,7,0.67,0.00,1.31,1.31,1.98,129.68,1,2.04
2013,9,8,0.71,0.00,1.27,1.27,1.98,129.89,1,1.67
2013,9,9,0.77,0.00,0.90,0.90,1.67,85.64,1,1.74
2013,9,10,0.70,0.03,0.96,0.96,1.68,101.45,0,1.37
2013,9,11,0.57,0.03,0.83,0.84,1.43,94.32,0,1.09
2013,9,12,0.64,0.01,0.89,0.89,1.54,102.97,0,1.15
2013,9,13,0.38,0.52,0.34,0.35,1.25,42.12,0,0.69
2013,9,14,0.57,0.04,0.64,0.66,1.24,70.71,0,1.06
2013,9,15,0.78,0.11,1.19,1.36,2.08,139.43,0,1.58
2013,9,16,0.08,2.84,0.07,0.07,2.99,7.71,0,3.15
2013,9,17,0.58,0.20,1.15,1.15,1.93,117.37,0,2.43
2013,9,18,0.49,0.76,0.90,0.90,2.15,95.65,0,1.83
2013,9,19,0.60,0.07,1.04,1.04,1.71,115.56,0,1.75
2013,9,20,0.50,0.30,0.87,0.87,1.67,95.27,0,2.07
2013,9,21,0.71,0.06,1.10,1.10,1.88,119.54,0,1.67
2013,9,22,0.76,0.26,1.35,1.35,2.37,137.79,0,2.13
2013,9,23,0.86,0.00,1.18,1.18,2.03,113.20,1,2.19
2013,9,24,0.93,0.03,1.34,1.34,2.30,126.99,0,1.93
2013,9,25,0.96,0.50,1.59,1.59,3.06,150.71,0,2.62
2013,9,26,0.77,0.72,1.23,1.23,2.72,130.07,0,2.40
2013,9,27,0.87,0.02,1.43,1.43,2.32,152.63,0,1.99
2013,9,28,0.78,0.02,1.09,1.09,1.89,116.14,0,1.51
2013,9,29,0.86,0.00,1.39,1.39,2.25,145.98,0,1.51
2013,9,30,0.64,0.00,0.33,0.33,0.97,30.61,0,1.67
2013,10,1,0.84,0.65,1.45,1.45,2.94,147.32,0,3.01
2013,10,2,0.54,0.54,0.60,0.60,1.68,65.04,0,1.90
2013,10,3,0.68,0.01,0.95,0.95,1.64,106.45,0,1.75
2013,10,4,0.88,0.00,1.50,1.50,2.38,161.16,0,1.61
2013,10,5,0.98,0.01,1.16,1.16,2.14,112.77,0,2.23
2013,10,6,0.82,0.00,1.52,1.52,2.34,156.70,1,1.71
2013,10,7,0.89,0.00,1.65,1.65,2.54,175.01,0,1.45
2013,10,8,0.97,0.00,1.64,1.64,2.61,165.89,0,1.52
2013,10,9,1.17,0.00,1.80,1.80,2.97,169.16,0,2.27
2013,10,10,0.76,0.64,0.67,0.67,2.07,63.35,0,1.67
2013,10,11,0.94,0.00,1.63,1.63,2.57,170.10,1,1.87
2013,10,12,1.13,0.00,1.77,1.77,2.90,173.25,0,1.93
2013,10,13,0.67,0.23,0.72,0.72,1.61,77.17,0,1.18
2013,10,14,0.61,0.14,1.05,1.05,1.80,127.18,0,1.68
2013,10,15,1.01,0.00,1.63,1.63,2.63,189.16,0,2.35
2013,10,16,1.34,0.00,1.45,1.45,2.78,146.08,0,2.87
2013,10,17,1.00,0.17,1.34,1.34,2.51,155.11,0,1.28
2013,10,18,1.14,0.00,1.06,1.58,2.20,184.40,0,1.67
2013,10,19,1.35,0.00,1.10,1.73,2.45,179.96,0,1.97
2013,10,20,1.49,0.00,0.95,1.78,2.43,167.39,0,2.01
2013,10,21,0.71,0.19,0.33,0.61,1.23,62.02,0,1.09
2013,10,22,0.45,1.05,0.32,0.51,1.82,55.21,0,1.18
2013,10,23,0.61,0.21,0.52,0.79,1.34,88.20,0,2.04
2013,10,24,0.90,0.00,0.85,1.38,1.76,169.01,1,1.81
2013,10,25,0.80,0.02,0.64,1.03,1.47,124.66,0,1.23
2013,10,26,0.98,0.00,0.93,1.50,1.90,174.76,0,1.57
2013,10,27,1.00,0.12,0.87,1.53,1.99,172.70,0,1.53
2013,10,28,0.90,0.16,0.69,1.39,1.75,151.44,0,2.51
2013,10,29,0.97,0.00,0.83,1.69,1.80,194.45,1,1.53
2013,10,30,1.07,0.00,0.89,1.86,1.96,209.83,1,1.66
2013,10,31,1.07,0.00,0.88,1.87,1.95,209.79,0,1.55
2013,11,1,1.37,0.00,0.87,1.90,2.24,196.25,0,2.01
2013,11,2,1.28,0.00,0.51,1.35,1.79,134.41,1,1.64
2013,11,3,1.05,0.00,0.54,1.75,1.59,196.29,1,1.51
2013,11,4,0.97,0.00,0.51,1.68,1.48,199.07,0,1.26
2013,11,5,1.34,0.00,0.58,1.94,1.92,208.28,0,1.66
2013,11,6,1.49,0.00,0.60,2.05,2.09,201.86,0,1.87
2013,11,7,1.19,0.00,0.32,1.08,1.51,103.36,1,1.66
2013,11,8,0.73,0.04,0.25,0.81,1.02,86.36,0,1.40
2013,11,9,0.82,0.02,0.32,1.01,1.16,118.86,0,1.20
2013,11,10,1.06,0.00,0.59,1.88,1.64,217.28,0,1.57
2013,11,11,0.64,0.17,0.18,0.72,1.00,83.75,0,1.49
2013,11,12,0.19,1.79,0.12,0.23,2.11,27.51,0,1.39
2013,11,13,0.55,0.07,0.44,0.81,1.06,94.85,0,2.28
2013,11,14,0.95,0.01,0.80,1.58,1.76,178.56,0,2.48
2013,11,15,1.02,0.00,0.92,1.92,1.95,217.50,0,2.17
2013,11,16,1.07,0.00,0.96,2.00,2.02,220.51,0,1.95
2013,11,17,1.21,0.05,0.96,2.00,2.21,211.31,0,2.03
2013,11,18,1.46,0.00,1.00,2.22,2.46,221.81,0,2.45
2013,11,19,1.51,0.00,1.05,2.36,2.56,229.38,0,2.42
2013,11,20,0.93,0.00,0.64,1.43,1.57,152.82,1,1.25
2013,11,21,1.34,0.00,1.02,2.31,2.36,241.21,0,2.42
2013,11,22,1.24,0.00,0.85,2.06,2.09,218.83,0,1.76
2013,11,23,0.81,1.18,0.51,1.21,2.50,135.63,0,2.12
2013,11,24,0.91,0.21,0.62,1.50,1.74,165.40,0,2.04
2013,11,25,1.33,0.00,0.95,2.35,2.28,243.48,0,2.40
2013,11,26,1.47,0.00,0.85,2.17,2.32,217.46,0,1.86
2013,11,27,1.60,0.00,0.88,2.28,2.48,211.90,0,2.56
2013,11,28,0.64,0.13,0.09,0.23,0.86,22.81,0,1.16
2013,11,29,1.05,0.01,0.80,2.11,1.86,237.30,0,2.16
2013,11,30,1.27,0.00,0.88,2.34,2.15,252.48,0,1.92
2013,12,1,1.49,0.00,0.87,2.34,2.35,228.10,0,2.50
2013,12,2,1.67,0.00,0.95,2.59,2.62,229.99,0,2.39
2013,12,3,1.30,0.17,0.47,1.22,1.95,107.89,0,2.21
2013,12,4,0.22,1.62,0.12,0.20,1.96,21.52,0,1.08
2013,12,5,0.74,0.80,0.76,1.17,2.31,140.38,0,3.23
2013,12,6,1.11,0.00,1.20,1.84,2.31,211.80,1,2.90
2013,12,7,1.43,0.00,1.56,2.42,2.99,251.55,0,2.80
2013,12,8,1.40,0.00,1.10,1.69,2.50,158.48,0,3.11
2013,12,9,0.77,0.28,0.32,0.46,1.37,45.15,0,1.54
2013,12,10,1.16,0.00,1.14,1.70,2.30,183.87,1,2.47
2013,12,11,1.21,0.06,1.24,1.88,2.51,197.07,0,2.13
2013,12,12,1.42,0.00,1.61,2.47,3.03,255.57,0,2.76
2013,12,13,1.33,0.00,1.47,2.38,2.80,240.56,0,2.20
2013,12,14,1.26,0.00,0.96,2.41,2.23,259.17,0,2.37
2013,12,15,1.31,0.00,0.91,2.38,2.23,246.45,0,2.18
2013,12,16,1.40,0.00,0.96,2.54,2.35,256.24,0,2.49
2013,12,17,1.46,0.00,0.97,2.60,2.43,256.87,0,2.73
2013,12,18,1.65,0.00,1.00,2.71,2.65,250.37,0,2.66
2013,12,19,1.56,0.00,0.71,1.95,2.27,170.18,0,2.33
2013,12,20,1.54,0.11,0.82,2.20,2.48,197.69,0,2.34
2013,12,21,1.06,0.02,0.54,1.43,1.62,142.26,0,1.50
2013,12,22,0.93,0.07,0.35,0.90,1.35,83.43,0,2.34
2013,12,23,0.79,0.57,0.60,1.38,1.96,146.75,0,3.13
2013,12,24,1.45,0.00,1.08,2.49,2.53,256.03,0,3.22
2013,12,25,1.56,0.00,0.83,2.45,2.39,235.97,0,2.82
2013,12,26,1.37,0.03,0.57,1.77,1.98,168.90,0,2.95
2013,12,27,1.39,0.00,0.83,2.58,2.23,258.40,0,2.62
2013,12,28,1.57,0.00,0.79,2.46,2.36,239.64,0,2.56
2013,12,29,1.37,0.00,0.74,2.30,2.11,256.03,0,1.77
2013,12,30,1.51,0.00,0.69,2.28,2.20,250.76,0,2.34
2013,12,31,1.61,0.00,0.69,2.30,2.30,247.99,0,1.98
2014,1,1,0.90,0.05,0.15,0.48,1.10,51.02,0,1.51
2014,1,2,1.18,0.01,0.37,1.16,1.56,126.28,0,1.75
2014,1,3,1.46,0.00,0.59,1.84,2.05,199.43,0,2.22
2014,1,4,1.44,0.00,0.57,1.85,2.01,211.88,0,1.70
2014,1,5,1.45,0.00,0.28,1.92,1.73,217.49,0,1.89
2014,1,6,1.35,0.00,0.16,1.88,1.51,223.80,0,1.67
2014,1,7,1.37,0.00,0.19,2.21,1.56,263.32,1,1.48
2014,1,8,1.59,0.00,0.18,2.12,1.77,231.19,0,1.77
2014,1,9,1.59,0.00,0.18,2.08,1.77,216.94,0,1.60
2014,1,10,1.77,0.00,0.15,2.39,1.92,241.45,0,2.21
2014,1,11,1.65,0.00,0.13,2.11,1.78,213.47,0,1.77
2014,1,12,1.63,0.00,0.14,2.31,1.76,244.67,0,1.81
2014,1,13,1.86,0.00,0.14,2.34,2.00,230.22,0,2.15
2014,1,14,1.91,0.00,0.14,2.41,2.05,221.66,0,2.40
2014,1,15,1.86,0.00,0.13,2.21,1.99,199.95,0,2.07
2014,1,16,1.92,0.00,0.13,2.28,2.05,205.62,0,2.03
2014,1,17,1.93,0.05,0.15,2.38,2.13,215.68,0,2.02
2014,1,18,1.56,0.00,0.12,1.87,1.68,188.71,1,2.03
2014,1,19,1.43,0.00,0.14,2.20,1.57,243.30,1,1.35
2014,1,20,1.47,0.00,0.14,2.22,1.62,238.23,0,1.56
2014,1,21,1.41,0.00,0.12,2.13,1.53,238.40,0,1.57
2014,1,22,1.57,0.00,0.11,2.13,1.68,231.47,1,1.64
2014,1,23,1.72,0.00,0.10,2.11,1.82,215.90,0,1.79
2014,1,24,1.08,1.52,0.11,0.94,2.72,99.94,0,2.39
2014,1,25,1.33,0.00,0.22,1.89,1.55,220.95,1,2.50
2014,1,26,1.67,0.00,0.24,2.06,1.91,227.95,0,2.26
2014,1,27,1.83,0.00,0.25,2.14,2.08,224.85,0,1.89
2014,1,28,1.98,0.00,0.24,2.03,2.22,204.26,0,2.09
2014,1,29,1.71,0.00,0.23,2.00,1.94,228.33,1,1.63
2014,1,30,1.94,0.00,0.24,2.01,2.18,217.86,0,1.87
2014,1,31,1.90,0.00,0.25,2.08,2.15,222.90,0,1.70
2014,2,1,2.02,0.00,0.23,1.94,2.25,203.38,0,1.81
2014,2,2,2.11,0.00,0.21,1.87,2.32,186.90,0,1.79
2014,2,3,1.78,0.00,0.18,1.57,1.95,168.09,1,1.04
2014,2,4,1.69,0.00,0.20,1.80,1.89,214.28,1,1.62
2014,2,5,1.80,0.00,0.20,1.82,2.00,208.41,0,1.52
2014,2,6,1.86,0.00,0.21,1.84,2.06,201.64,0,1.57
2014,2,7,1.94,0.00,0.21,1.90,2.16,200.03,0,1.50
2014,2,8,2.02,0.00,0.21,1.86,2.23,192.24,0,1.73
2014,2,9,1.95,0.00,0.19,1.70,2.14,174.24,1,1.96
2014,2,10,1.63,0.00,0.18,1.60,1.81,190.16,1,1.60
2014,2,11,1.73,0.00,0.18,1.60,1.92,182.26,0,1.95
2014,2,12,1.71,0.00,0.18,1.51,1.89,165.37,0,2.02
2014,2,13,1.13,0.00,0.07,0.58,1.20,63.99,1,1.37
2014,2,14,1.10,0.00,0.07,0.59,1.17,65.83,1,1.22
2014,2,15,0.74,0.72,0.13,0.77,1.59,89.16,0,1.96
2014,2,16,1.37,0.02,0.28,1.59,1.67,191.10,0,2.74
2014,2,17,1.61,0.00,0.28,1.55,1.89,183.85,1,2.33
2014,2,18,1.78,0.00,0.30,1.70,2.08,192.18,0,1.72
2014,2,19,1.22,0.75,0.22,0.96,2.19,117.30,0,2.19
2014,2,20,1.35,0.05,0.33,1.38,1.72,179.97,0,2.03
2014,2,21,1.35,0.00,0.35,1.44,1.69,187.84,1,1.43
2014,2,22,1.33,0.00,0.37,1.52,1.70,193.70,1,1.14
2014,2,23,1.65,0.00,0.38,1.54,2.03,181.78,0,1.27
2014,2,24,1.71,0.00,0.39,1.57,2.10,178.07,0,1.30
2014,2,25,1.21,0.00,0.08,0.74,1.30,84.79,1,1.43
2014,2,26,1.42,0.00,0.17,1.56,1.60,189.99,1,1.37
2014,2,27,1.39,0.00,0.16,1.42,1.55,180.15,1,1.31
2014,2,28,1.45,0.03,0.17,1.46,1.64,178.55,0,1.23
2014,3,1,1.38,1.30,0.31,1.44,2.99,170.07,0,1.15
2014,3,2,1.45,0.00,0.33,1.52,1.78,181.06,1,1.17
2014,3,3,1.55,0.00,0.28,1.29,1.84,149.29,0,0.84
2014,3,4,1.48,0.39,0.37,1.44,2.23,164.20,0,1.26
2014,3,5,1.14,0.46,0.32,1.10,1.92,131.04,0,1.74
2014,3,6,1.44,0.00,0.41,1.38,1.85,172.01,1,1.83
2014,3,7,1.32,0.00,0.39,1.31,1.72,163.49,0,1.30
2014,3,8,1.63,0.00,0.41,1.35,2.04,156.13,0,1.31
2014,3,9,1.70,0.00,0.42,1.37,2.12,153.95,0,1.00
2014,3,10,1.59,0.00,0.35,1.13,1.94,122.61,0,0.83
2014,3,11,0.81,0.09,0.09,0.27,0.99,29.65,0,0.81
2014,3,12,1.37,0.00,0.47,1.39,1.83,170.57,1,2.17
2014,3,13,1.45,0.00,0.41,1.20,1.85,145.53,1,1.25
2014,3,14,1.54,0.00,0.43,1.26,1.97,146.31,0,1.07
2014,3,15,0.92,0.91,0.17,0.40,2.00,46.48,0,1.12
2014,3,16,0.94,0.05,0.34,0.75,1.33,99.42,0,2.14
2014,3,17,0.92,0.13,0.33,0.71,1.38,88.07,0,1.67
2014,3,18,1.27,0.00,0.48,1.05,1.75,126.86,1,1.55
2014,3,19,1.41,0.00,0.43,1.13,1.84,138.37,1,1.60
2014,3,20,1.54,0.00,0.45,1.16,1.99,137.12,1,0.95
2014,3,21,1.37,0.00,0.40,1.01,1.77,117.41,1,1.21
2014,3,22,1.15,0.00,0.43,1.09,1.58,143.17,1,1.07
2014,3,23,0.96,0.00,0.22,0.66,1.17,88.61,1,0.92
2014,3,24,1.12,0.01,0.32,0.97,1.46,125.91,0,1.13
2014,3,25,1.19,0.35,0.38,1.02,1.91,124.02,0,1.73
2014,3,26,0.92,0.41,0.27,0.64,1.59,76.24,0,1.15
2014,3,27,0.75,2.61,0.64,0.76,4.00,90.66,0,2.07
2014,3,28,1.11,0.07,0.92,1.06,2.11,127.21,0,2.46
2014,3,29,1.36,0.04,0.94,1.08,2.34,128.71,0,1.80
2014,3,30,1.09,0.30,0.88,0.97,2.27,115.70,0,2.22
2014,3,31,1.32,0.00,0.96,1.04,2.29,118.34,1,1.50
2014,4,1,1.40,0.10,1.06,1.13,2.56,119.77,0,1.81
2014,4,2,0.67,0.12,0.27,0.32,1.06,34.56,0,1.09
2014,4,3,0.69,0.05,0.64,0.74,1.38,86.73,0,1.60
2014,4,4,0.85,0.00,0.71,0.81,1.56,94.70,0,1.24
2014,4,5,1.03,0.09,0.79,0.91,1.92,102.72,0,1.39
2014,4,6,1.07,0.00,0.74,0.91,1.82,102.50,1,1.33
2014,4,7,0.83,0.00,0.46,0.55,1.29,61.93,1,1.03
2014,4,8,0.69,0.24,0.43,0.48,1.35,53.87,0,1.08
2014,4,9,0.11,2.43,0.22,0.22,2.77,26.44,0,2.00
2014,4,10,0.06,2.85,0.18,0.18,3.09,20.87,0,-4.58
2014,4,11,0.62,0.40,0.80,0.80,1.82,92.02,0,2.16
2014,4,12,0.91,0.00,0.89,0.89,1.80,101.47,1,2.18
2014,4,13,0.89,0.00,0.84,0.84,1.73,99.20,1,1.82
2014,4,14,0.93,0.00,0.77,0.77,1.70,93.11,1,1.71
2014,4,15,0.94,0.00,0.76,0.76,1.70,91.38,1,1.49
2014,4,16,0.88,0.00,0.68,0.68,1.56,80.90,1,1.29
2014,4,17,0.96,0.00,0.69,0.69,1.66,80.84,1,1.36
2014,4,18,0.58,0.09,0.30,0.30,0.97,36.62,0,0.91
2014,4,19,0.71,0.00,0.46,0.46,1.18,60.08,1,1.05
2014,4,20,0.56,0.00,0.34,0.34,0.90,43.70,1,0.76
2014,4,21,0.73,0.00,0.53,0.53,1.26,67.19,1,1.17
2014,4,22,0.52,0.13,0.24,0.24,0.88,28.86,0,1.10
2014,4,23,0.83,0.01,0.53,0.53,1.37,63.93,0,1.24
2014,4,24,0.82,0.00,0.51,0.51,1.33,64.30,1,1.02
2014,4,25,0.84,0.00,0.61,0.61,1.46,78.78,1,1.10
2014,4,26,0.74,0.02,0.51,0.51,1.26,61.60,0,1.13
2014,4,27,0.83,0.00,0.53,0.53,1.36,68.22,1,1.03
2014,4,28,0.73,0.09,0.63,0.63,1.46,77.38,0,1.06
2014,4,29,0.12,1.83,0.00,0.00,1.95,-3.69,0,0.22
2014,4,30,0.60,0.04,0.49,0.49,1.13,64.23,0,1.37
2014,5,1,0.61,0.03,0.41,0.41,1.05,55.57,0,1.11
2014,5,2,0.26,0.76,0.23,0.23,1.25,30.28,0,1.43
2014,5,3,0.40,0.50,0.42,0.42,1.32,55.57,0,1.78
2014,5,4,0.57,0.09,0.43,0.43,1.09,58.09,0,1.57
2014,5,5,0.32,0.17,0.27,0.27,0.76,35.33,0,1.01
2014,5,6,0.51,0.04,0.37,0.37,0.91,49.03,0,1.08
2014,5,7,0.63,0.00,0.42,0.42,1.06,56.63,1,1.02
2014,5,8,0.71,0.00,0.39,0.39,1.10,52.92,1,0.77
2014,5,9,0.50,0.17,0.20,0.20,0.86,24.72,0,1.27
2014,5,10,0.10,0.51,0.12,0.12,0.73,14.54,0,-1.17
2014,5,11,0.38,0.05,0.47,0.47,0.90,61.85,0,1.70
2014,5,12,0.59,0.00,0.53,0.53,1.12,68.68,1,1.48
2014,5,13,0.59,0.00,0.55,0.55,1.15,70.43,1,1.29
2014,5,14,0.64,0.00,0.43,0.43,1.07,52.84,1,1.16
2014,5,15,0.69,0.00,0.39,0.39,1.09,46.84,1,1.40
2014,5,16,0.68,0.00,0.34,0.34,1.02,40.39,1,1.14
2014,5,17,0.68,0.00,0.37,0.37,1.05,44.21,1,1.27
2014,5,18,0.57,0.00,0.28,0.28,0.85,33.74,1,0.97
2014,5,19,0.61,0.06,0.44,0.44,1.11,51.56,0,1.05
2014,5,20,0.59,0.19,0.44,0.44,1.22,51.88,0,1.39
2014,5,21,0.59,0.00,0.43,0.43,1.02,50.72,1,0.86
2014,5,22,0.51,0.01,0.27,0.27,0.79,30.96,0,1.31
2014,5,23,0.34,0.88,0.09,0.09,1.31,10.79,0,0.76
2014,5,24,0.34,0.00,0.27,0.27,0.61,33.96,1,0.78
2014,5,25,0.29,0.07,0.39,0.39,0.75,47.91,0,1.07
2014,5,26,0.47,0.00,0.39,0.39,0.86,46.87,0,1.79
2014,5,27,0.16,1.72,0.00,0.00,1.88,-1.30,0,-0.45
2014,5,28,0.29,0.18,0.29,0.29,0.76,36.18,0,1.33
2014,5,29,0.43,0.00,0.25,0.25,0.68,32.81,1,0.61
2014,5,30,0.47,0.05,0.31,0.31,0.82,41.25,0,0.74
2014,5,31,0.35,1.78,0.32,0.32,2.45,40.40,0,0.80
2014,6,1,0.06,1.14,0.09,0.09,1.29,11.41,0,1.12
2014,6,2,0.28,0.06,0.25,0.25,0.58,32.11,0,1.01
2014,6,3,0.22,0.04,0.29,0.29,0.55,36.70,0,0.89
2014,6,4,0.28,0.08,0.20,0.20,0.56,25.53,0,0.62
2014,6,5,0.27,0.20,0.14,0.14,0.62,18.87,0,0.62
2014,6,6,0.45,0.00,0.27,0.27,0.71,35.46,1,0.91
2014,6,7,0.38,0.07,0.15,0.15,0.60,19.32,0,0.76
2014,6,8,0.52,0.03,0.19,0.19,0.73,25.60,0,0.84
2014,6,9,0.48,0.00,0.20,0.20,0.69,27.66,1,0.62
2014,6,10,0.20,0.00,0.17,0.17,0.37,23.88,1,0.66
2014,6,11,0.34,0.00,0.37,0.37,0.71,51.51,1,1.04
2014,6,12,0.28,0.43,0.16,0.16,0.87,21.21,0,1.53
2014,6,13,0.07,1.23,0.18,0.18,1.49,24.13,0,-2.99
2014,6,14,0.26,0.38,0.09,0.09,0.74,11.83,0,1.02
2014,6,15,0.46,0.03,0.21,0.21,0.70,27.98,0,0.91
2014,6,16,0.14,0.35,0.08,0.08,0.57,10.40,0,2.18
2014,6,17,0.39,0.03,0.20,0.20,0.61,27.04,0,0.85
2014,6,18,0.46,0.01,0.24,0.24,0.71,33.33,0,0.64
2014,6,19,0.07,0.03,0.15,0.15,0.25,20.91,0,0.55
2014,6,20,0.35,0.10,0.47,0.47,0.92,61.52,0,1.55
2014,6,21,0.09,0.63,0.17,0.17,0.89,20.92,0,1.01
2014,6,22,0.19,0.15,0.24,0.24,0.58,29.60,0,1.43
2014,6,23,0.20,0.82,0.03,0.03,1.05,3.35,0,0.27
2014,6,24,0.36,0.47,0.28,0.28,1.11,34.12,0,1.65
2014,6,25,0.25,0.27,0.26,0.26,0.78,32.36,0,1.77
2014,6,26,0.41,0.17,0.38,0.38,0.95,45.01,0,1.72
2014,6,27,0.27,0.00,0.03,0.03,0.30,3.76,0,0.36
2014,6,28,0.18,0.72,0.17,0.17,1.07,21.76,0,1.60
2014,6,29,0.23,0.91,0.07,0.07,1.21,9.58,0,0.47
2014,6,30,0.24,0.22,0.25,0.25,0.70,32.72,0,0.85
2014,7,1,0.25,0.07,0.14,0.14,0.45,17.83,0,0.65
2014,7,2,0.40,0.00,0.18,0.18,0.58,23.18,1,0.57
2014,7,3,0.05,0.00,0.23,0.23,0.28,33.44,0,1.27
2014,7,4,0.25,0.07,0.39,0.39,0.71,51.19,0,1.25
2014,7,5,0.26,0.31,0.42,0.42,1.00,53.61,0,1.49
2014,7,6,0.21,0.08,0.32,0.32,0.61,42.63,0,1.18
2014,7,7,0.22,0.04,0.40,0.40,0.66,52.56,0,0.73
2014,7,8,0.27,0.00,0.18,0.18,0.45,22.80,0,1.29
2014,7,9,0.21,0.40,0.27,0.27,0.88,35.07,0,1.57
2014,7,10,0.20,0.06,0.15,0.15,0.42,19.80,0,0.92
2014,7,11,0.14,0.15,0.10,0.10,0.39,13.16,0,0.84
2014,7,12,0.28,0.40,0.41,0.41,1.08,55.37,0,1.34
2014,7,13,0.25,0.00,0.24,0.24,0.49,34.09,1,0.67
2014,7,14,0.27,0.00,0.18,0.18,0.45,24.23,1,0.63
2014,7,15,0.11,1.23,0.10,0.10,1.44,12.59,0,4.23
2014,7,16,0.11,0.28,0.06,0.06,0.45,8.09,0,0.53
2014,7,17,0.23,0.30,0.18,0.18,0.70,25.30,0,0.95
2014,7,18,0.36,0.02,0.17,0.17,0.55,22.96,0,1.15
2014,7,19,0.45,0.00,0.28,0.28,0.73,36.07,1,1.10
2014,7,20,0.38,0.00,0.33,0.33,0.71,44.00,1,0.62
2014,7,21,0.24,0.00,0.31,0.31,0.55,43.23,1,0.88
2014,7,22,0.26,0.00,0.46,0.46,0.72,64.49,1,1.16
2014,7,23,0.23,0.00,0.29,0.29,0.52,41.45,0,0.75
2014,7,24,0.21,0.38,0.13,0.13,0.72,16.88,0,7.45
2014,7,25,0.30,0.67,0.39,0.39,1.36,47.36,0,1.98
2014,7,26,0.21,0.14,0.23,0.23,0.58,28.26,0,0.97
2014,7,27,0.36,0.02,0.35,0.35,0.73,43.79,0,1.04
2014,7,28,0.48,0.00,0.43,0.43,0.91,53.73,1,1.24
2014,7,29,0.33,0.20,0.23,0.23,0.76,28.15,0,2.28
2014,7,30,0.21,0.29,0.25,0.25,0.75,29.29,0,1.51
2014,7,31,0.66,0.92,0.65,0.65,2.24,76.47,0,2.73
2014,8,1,0.22,0.33,0.14,0.14,0.70,20.85,0,0.87
2014,8,2,0.45,0.02,0.35,0.35,0.82,50.64,0,0.87
2014,8,3,0.51,0.00,0.40,0.40,0.92,57.57,1,0.75
2014,8,4,0.53,0.00,0.44,0.44,0.97,62.60,1,0.58
2014,8,5,0.52,0.00,0.66,0.66,1.18,90.11,0,0.87
2014,8,6,0.29,0.00,0.27,0.27,0.55,33.19,1,0.91
2014,8,7,0.45,0.06,0.55,0.55,1.06,66.66,0,1.15
2014,8,8,0.37,0.00,0.28,0.28,0.64,34.37,1,0.75
2014,8,9,0.44,0.00,0.43,0.43,0.87,55.02,1,0.98
2014,8,10,0.50,0.05,0.46,0.46,1.01,59.14,0,1.26
2014,8,11,0.42,0.06,0.40,0.40,0.88,56.94,0,1.20
2014,8,12,0.54,0.00,0.48,0.48,1.02,66.37,1,1.01
2014,8,13,0.55,0.00,0.50,0.50,1.06,65.89,1,1.01
2014,8,14,0.60,0.00,0.54,0.54,1.15,68.79,1,0.83
2014,8,15,0.61,0.00,0.60,0.60,1.21,77.03,1,1.01
2014,8,16,0.31,0.00,0.16,0.16,0.47,21.20,1,0.41
2014,8,17,0.53,0.00,0.53,0.53,1.07,65.80,1,1.16
2014,8,18,0.36,0.80,0.32,0.32,1.48,39.46,0,0.83
2014,8,19,0.40,0.00,0.71,0.71,1.11,89.45,1,1.15
2014,8,20,0.58,0.00,0.60,0.60,1.18,76.34,1,0.94
2014,8,21,0.56,0.02,0.79,0.79,1.37,98.97,0,0.85
2014,8,22,0.72,0.00,0.83,0.83,1.54,101.68,1,1.12
2014,8,23,0.66,0.03,0.76,0.76,1.45,89.59,0,1.10
2014,8,24,0.71,0.07,0.76,0.76,1.53,89.19,0,1.14
2014,8,25,0.50,0.62,0.59,0.59,1.71,72.65,0,0.85
2014,8,26,0.79,0.00,0.79,0.79,1.58,91.49,1,1.29
2014,8,27,0.81,0.00,0.81,0.84,1.63,95.83,1,1.61
2014,8,28,0.79,0.00,0.75,0.79,1.53,92.70,1,1.04
2014,8,29,0.69,0.00,0.73,0.79,1.42,95.22,1,1.06
2014,8,30,0.71,0.00,0.69,0.82,1.40,96.34,0,0.94
2014,8,31,0.77,0.00,0.67,0.90,1.44,105.58,0,1.71
2014,9,1,0.24,0.97,0.05,0.06,1.26,7.80,0,-0.64
2014,9,2,0.59,0.09,0.48,0.70,1.16,89.73,0,1.87
2014,9,3,0.65,0.00,0.55,0.82,1.20,106.15,1,1.51
2014,9,4,0.54,0.00,0.42,0.63,0.96,80.95,0,1.32
2014,9,5,0.66,0.00,0.58,0.90,1.25,113.28,1,1.59
2014,9,6,0.69,0.00,0.59,0.92,1.28,114.75,1,1.26
2014,9,7,0.75,0.00,0.64,1.05,1.40,130.00,0,1.90
2014,9,8,0.88,0.00,0.61,1.05,1.49,116.65,0,1.80
2014,9,9,0.31,0.56,0.41,0.58,1.28,65.68,0,1.98
2014,9,10,0.76,0.00,0.67,0.98,1.43,113.97,1,2.19
2014,9,11,0.70,0.10,0.65,0.96,1.45,114.99,0,1.94
2014,9,12,0.56,0.00,0.41,0.62,0.97,80.35,1,1.14
2014,9,13,0.63,0.00,0.67,1.04,1.29,131.60,1,1.53
2014,9,14,0.79,0.09,0.69,1.08,1.57,130.53,0,1.52
2014,9,15,0.59,0.11,0.42,0.63,1.12,72.95,0,1.57
2014,9,16,0.52,0.09,0.30,0.45,0.92,52.19,0,0.84
2014,9,17,0.71,0.00,0.59,0.90,1.31,111.72,1,1.59
2014,9,18,0.62,0.04,0.47,0.71,1.13,92.24,0,1.25
2014,9,19,0.75,0.00,0.47,0.93,1.22,116.76,1,1.28
2014,9,20,0.75,0.00,0.51,1.02,1.26,124.08,1,1.31
2014,9,21,0.89,0.00,0.56,1.14,1.45,136.78,0,1.51
2014,9,22,0.98,0.00,0.57,1.19,1.55,136.98,1,1.24
2014,9,23,1.05,0.00,0.54,1.15,1.59,125.47,0,1.38
2014,9,24,0.59,2.27,0.68,0.68,3.53,73.26,0,2.38
2014,9,25,0.78,0.43,1.38,1.38,2.60,156.49,0,3.20
2014,9,26,0.64,0.01,0.65,0.65,1.31,77.39,0,1.44
2014,9,27,0.87,0.00,1.22,1.23,2.09,139.44,0,2.31
2014,9,28,1.17,0.00,1.31,1.35,2.48,138.27,0,3.31
2014,9,29,1.06,0.00,1.33,1.40,2.39,152.45,0,2.17
2014,9,30,0.92,0.07,1.06,1.11,2.05,124.51,0,2.36
2014,10,1,0.82,0.00,0.95,1.00,1.77,124.60,1,1.73
2014,10,2,0.80,0.00,1.07,1.15,1.87,137.56,1,1.63
2014,10,3,1.02,0.00,1.15,1.53,2.17,171.65,0,1.94
2014,10,4,1.15,0.00,1.08,1.50,2.23,161.55,0,2.60
2014,10,5,1.10,0.00,1.09,1.56,2.19,168.23,0,2.04
2014,10,6,0.62,0.76,0.36,0.44,1.74,46.83,0,2.58
2014,10,7,0.76,0.05,0.76,0.93,1.57,107.72,0,2.27
2014,10,8,0.81,0.01,0.79,0.96,1.61,111.26,0,1.85
2014,10,9,0.99,0.00,1.18,1.46,2.17,162.99,1,2.34
2014,10,10,0.83,0.00,0.80,0.99,1.63,107.47,0,2.40
2014,10,11,1.22,0.00,1.19,1.68,2.41,175.94,0,2.53
2014,10,12,1.28,0.00,1.26,1.82,2.54,188.77,0,3.18
2014,10,13,0.56,0.23,0.85,1.21,1.64,150.03,0,2.28
2014,10,14,0.83,0.08,1.12,1.60,2.03,198.85,0,2.45
2014,10,15,0.95,0.00,1.05,1.52,1.99,185.87,0,1.96
2014,10,16,0.74,0.11,0.72,1.04,1.57,125.49,0,1.57
2014,10,17,1.11,0.00,1.07,1.63,2.18,189.92,1,2.21
2014,10,18,1.18,0.00,1.02,1.62,2.20,177.22,0,1.82
2014,10,19,1.26,0.00,0.95,1.53,2.21,154.44,0,2.61
2014,10,20,1.12,0.00,1.08,1.80,2.20,199.75,0,2.09
2014,10,21,1.26,0.00,1.08,1.85,2.34,194.32,0,1.89
2014,10,22,1.35,0.00,1.09,1.90,2.44,185.81,0,2.17
2014,10,23,1.20,0.00,1.11,1.97,2.30,198.51,0,1.88
2014,10,24,1.36,0.00,0.94,1.70,2.30,162.96,1,3.06
2014,10,25,1.12,0.00,0.87,1.59,2.00,163.81,1,2.28
2014,10,26,1.13,0.00,0.26,1.43,1.39,147.16,1,2.33
2014,10,27,0.97,0.74,0.32,1.51,2.02,163.50,0,2.91
2014,10,28,0.81,0.04,0.18,0.86,1.04,98.27,0,1.45
2014,10,29,1.24,0.00,0.40,1.92,1.64,209.55,0,2.21
2014,10,30,1.36,0.00,0.41,2.00,1.77,206.01,0,2.63
2014,10,31,1.45,0.00,0.38,1.86,1.83,180.01,0,2.63
2014,11,1,0.91,0.24,0.28,1.27,1.43,142.89,0,2.88
2014,11,2,0.77,0.00,0.35,1.62,1.12,201.50,0,2.43
2014,11,3,1.27,0.00,0.39,1.81,1.66,200.03,0,2.17
2014,11,4,1.31,0.00,0.31,1.47,1.62,147.70,0,2.42
2014,11,5,1.11,0.00,0.42,1.98,1.53,222.39,0,1.68
2014,11,6,1.30,0.00,0.40,1.89,1.70,203.59,0,2.40
2014,11,7,1.53,0.00,0.28,2.07,1.81,202.57,0,1.79
2014,11,8,1.53,0.00,0.28,2.19,1.81,208.94,0,2.40
2014,11,9,1.19,0.00,0.24,1.90,1.43,206.41,1,1.72
2014,11,10,1.14,0.00,0.24,1.99,1.38,221.27,0,1.82
2014,11,11,1.19,0.00,0.24,1.98,1.42,219.97,0,1.87
2014,11,12,1.45,0.00,0.24,2.02,1.70,205.18,0,2.11
2014,11,13,1.55,0.00,0.24,2.01,1.79,187.09,0,2.50
2014,11,14,0.98,0.00,0.09,0.89,1.07,88.72,1,1.31
2014,11,15,0.87,0.78,0.16,0.97,1.81,105.18,0,1.70
2014,11,16,0.89,1.99,0.53,1.29,3.41,142.26,0,3.17
2014,11,17,1.06,0.02,0.54,1.36,1.62,148.30,0,2.73
2014,11,18,1.26,0.00,0.83,2.11,2.10,236.17,0,2.68
2014,11,19,1.54,0.00,0.84,2.14,2.38,226.22,0,2.92
2014,11,20,1.20,0.00,0.37,0.94,1.57,95.87,1,2.24
2014,11,21,1.59,0.02,0.83,2.09,2.45,225.15,0,2.74
2014,11,22,1.17,0.18,0.39,0.93,1.74,99.92,0,2.70
2014,11,23,1.58,0.04,0.86,2.06,2.49,214.11,0,4.05
2014,11,24,0.78,0.56,0.27,0.57,1.61,63.49,0,2.03
2014,11,25,1.39,0.00,0.93,1.97,2.32,236.36,0,3.73
2014,11,26,1.28,0.00,0.93,2.00,2.22,240.32,0,2.60
2014,11,27,1.37,0.00,0.94,2.03,2.31,242.37,1,2.42
2014,11,28,1.52,0.00,0.86,2.18,2.38,246.07,0,2.51
2014,11,29,1.68,0.00,0.84,2.21,2.53,233.45,0,2.31
2014,11,30,1.72,0.00,0.82,2.16,2.54,214.97,0,2.74
2014,12,1,1.58,0.02,0.74,1.93,2.33,195.46,0,2.45
2014,12,2,1.67,0.00,0.83,2.19,2.50,230.73,0,3.16
2014,12,3,1.01,0.11,0.34,0.93,1.46,100.03,0,2.03
2014,12,4,1.52,0.10,0.73,1.93,2.34,202.34,0,4.14
2014,12,5,1.29,0.09,0.75,1.96,2.13,212.75,0,2.73
2014,12,6,1.11,0.96,0.68,1.52,2.76,170.92,0,2.31
2014,12,7,1.07,0.33,0.85,1.80,2.26,210.30,0,3.62
2014,12,8,1.18,0.04,0.83,1.73,2.05,197.08,0,2.38
2014,12,9,1.50,0.00,1.08,2.26,2.58,250.86,0,3.06
2014,12,10,1.24,0.01,0.60,1.24,1.85,135.26,0,2.10
2014,12,11,1.33,0.02,1.07,2.20,2.42,246.90,0,1.76
2014,12,12,1.72,0.00,1.09,2.25,2.81,249.21,0,2.64
2014,12,13,1.80,0.00,1.10,2.28,2.90,250.62,0,2.27
2014,12,14,1.58,0.00,0.67,1.38,2.25,153.26,0,2.40
2014,12,15,1.86,0.12,0.93,1.86,2.90,207.72,0,2.85
2014,12,16,1.91,0.00,1.02,2.10,2.93,235.00,0,3.56
2014,12,17,1.73,0.00,0.81,1.94,2.53,244.87,0,2.19
2014,12,18,1.45,0.00,0.24,1.30,1.69,162.52,1,1.87
2014,12,19,1.53,0.00,0.35,1.91,1.88,248.04,0,1.99
2014,12,20,1.72,0.00,0.38,2.07,2.10,253.00,0,1.99
2014,12,21,1.96,0.00,0.39,2.13,2.35,239.05,0,2.37
2014,12,22,1.75,0.00,0.28,1.55,2.03,167.66,0,2.03
2014,12,23,1.56,0.00,0.29,1.60,1.85,180.98,0,2.74
2014,12,24,1.68,0.00,0.34,2.09,2.02,254.45,1,2.16
2014,12,25,1.80,0.00,0.34,2.12,2.14,252.45,0,2.73
2014,12,26,1.46,0.00,0.20,1.70,1.66,223.92,0,1.92
2014,12,27,1.73,0.00,0.24,1.96,1.97,241.70,0,2.12
2014,12,28,1.90,0.00,0.24,2.01,2.14,230.11,1,2.46
2014,12,29,1.66,0.00,0.18,1.49,1.84,174.52,0,2.36
2014,12,30,1.58,0.00,0.21,1.69,1.78,210.10,1,1.87
2014,12,31,1.78,0.00,0.25,2.01,2.03,244.00,0,2.01
