y,m,d,LE,LE_code,H
2011,1,1,57.2376,0,127.758
2011,1,2,55.6186,0,117.227
2011,1,3,64.1627,0,136.383
2011,1,4,57.2376,0,127.758
2011,1,5,55.6186,0,117.227
2011,1,6,64.1627,0,136.383
2011,1,7,57.2376,0,127.758
2011,1,8,55.6186,0,117.227
2011,1,9,64.1627,0,136.383
2011,1,10,57.2376,0,127.758
2011,1,11,55.6186,0,117.227
2011,1,12,64.1627,0,136.383
2011,1,13,57.2376,0,127.758
2011,1,14,55.6186,0,117.227
2011,1,15,64.1627,0,136.383
2011,1,16,57.2376,0,127.758
2011,1,17,55.6186,0,117.227
2011,1,18,64.1627,0,136.383
2011,1,19,57.2376,0,127.758
2011,1,20,55.6186,0,117.227
2011,1,21,64.1627,0,136.383
2011,1,22,57.2376,0,127.758
2011,1,23,55.6186,0,117.227
2011,1,24,64.1627,0,136.383
2011,1,25,57.2376,0,127.758
2011,1,26,55.6186,0,117.227
2011,1,27,64.1627,0,136.383
2011,1,28,57.2376,0,127.758
2011,1,29,55.6186,0,117.227
2011,1,30,64.1627,0,136.383
2011,1,31,57.2376,0,127.758
2011,2,1,55.6186,0,117.227
2011,2,2,64.1627,0,136.383
2011,2,3,57.2376,0,127.758
2011,2,4,55.6186,0,117.227
2011,2,5,64.1627,0,136.383
2011,2,6,57.2376,0,127.758
2011,2,7,55.6186,0,117.227
2011,2,8,64.1627,0,136.383
2011,2,9,57.2376,0,127.758
2011,2,10,55.6186,0,117.227
2011,2,11,64.1627,0,136.383
2011,2,12,57.2376,0,127.758
2011,2,13,55.6186,0,117.227
2011,2,14,64.1627,0,136.383
2011,2,15,57.2376,0,127.758
2011,2,16,55.6186,0,117.227
2011,2,17,64.1627,0,136.383
2011,2,18,57.2376,0,127.758
2011,2,19,55.6186,0,117.227
2011,2,20,64.1627,0,136.383
2011,2,21,57.2376,0,127.758
2011,2,22,55.6186,0,117.227
2011,2,23,64.1627,0,136.383
2011,2,24,57.2376,0,127.758
2011,2,25,55.6186,0,117.227
2011,2,26,64.1627,0,136.383
2011,2,27,57.2376,0,127.758
2011,2,28,55.6186,0,117.227
2011,3,1,64.1627,0,136.383
2011,3,2,57.2376,0,127.758
2011,3,3,55.6186,0,117.227
2011,3,4,64.1627,0,136.383
2011,3,5,57.2376,0,127.758
2011,3,6,55.6186,0,117.227
2011,3,7,64.1627,0,136.383
2011,3,8,57.2376,0,127.758
2011,3,9,55.6186,0,117.227
2011,3,10,64.1627,0,136.383
2011,3,11,57.2376,0,127.758
2011,3,12,55.6186,0,117.227
2011,3,13,64.1627,0,136.383
2011,3,14,57.2376,0,127.758
2011,3,15,55.6186,0,117.227
2011,3,16,64.1627,0,136.383
2011,3,17,57.2376,0,127.758
2011,3,18,55.6186,0,117.227
2011,3,19,64.1627,0,136.383
2011,3,20,57.2376,0,127.758
2011,3,21,55.6186,0,117.227
2011,3,22,64.1627,0,136.383
2011,3,23,57.2376,0,127.758
2011,3,24,55.6186,0,117.227
2011,3,25,64.1627,0,136.383
2011,3,26,57.2376,0,127.758
2011,3,27,55.6186,0,117.227
2011,3,28,64.1627,0,136.383
2011,3,29,57.2376,0,127.758
2011,3,30,55.6186,0,117.227
2011,3,31,64.1627,0,136.383
2011,4,1,57.2376,0,127.758
2011,4,2,55.6186,0,117.227
2011,4,3,64.1627,0,136.383
2011,4,4,57.2376,0,127.758
2011,4,5,55.6186,0,117.227
2011,4,6,64.1627,0,136.383
2011,4,7,57.2376,0,127.758
2011,4,8,55.6186,0,117.227
2011,4,9,64.1627,0,136.383
2011,4,10,57.2376,0,127.758
2011,4,11,55.6186,0,117.227
2011,4,12,64.1627,0,136.383
2011,4,13,57.2376,0,127.758
2011,4,14,55.6186,0,117.227
2011,4,15,64.1627,0,136.383
2011,4,16,57.2376,0,127.758
2011,4,17,55.6186,0,117.227
2011,4,18,64.1627,0,136.383
2011,4,19,57.2376,0,127.758
2011,4,20,55.6186,0,117.227
2011,4,21,64.1627,0,136.383
2011,4,22,57.2376,0,127.758
2011,4,23,55.6186,0,117.227
2011,4,24,64.1627,0,136.383
2011,4,25,57.2376,0,127.758
2011,4,26,55.6186,0,117.227
2011,4,27,64.1627,0,136.383
2011,4,28,57.2376,0,127.758
2011,4,29,55.6186,0,117.227
2011,4,30,64.1627,0,136.383
2011,5,1,57.2376,0,127.758
2011,5,2,55.6186,0,117.227
2011,5,3,64.1627,0,136.383
2011,5,4,57.2376,0,127.758
2011,5,5,55.6186,0,117.227
2011,5,6,64.1627,0,136.383
2011,5,7,57.2376,0,127.758
2011,5,8,55.6186,0,117.227
2011,5,9,64.1627,0,136.383
2011,5,10,57.2376,0,127.758
2011,5,11,55.6186,0,117.227
2011,5,12,64.1627,0,136.383
2011,5,13,57.2376,0,127.758
2011,5,14,55.6186,0,117.227
2011,5,15,64.1627,0,136.383
2011,5,16,57.2376,0,127.758
2011,5,17,55.6186,0,117.227
2011,5,18,64.1627,0,136.383
2011,5,19,57.2376,0,127.758
2011,5,20,55.6186,0,117.227
2011,5,21,64.1627,0,136.383
2011,5,22,57.2376,0,127.758
2011,5,23,55.6186,0,117.227
2011,5,24,64.1627,0,136.383
2011,5,25,57.2376,0,127.758
2011,5,26,55.6186,0,117.227
2011,5,27,64.1627,0,136.383
2011,5,28,57.2376,0,127.758
2011,5,29,55.6186,0,117.227
2011,5,30,64.1627,0,136.383
2011,5,31,57.2376,0,127.758
2011,6,1,55.6186,0,117.227
2011,6,2,64.1627,0,136.383
2011,6,3,57.2376,0,127.758
2011,6,4,55.6186,0,117.227
2011,6,5,64.1627,0,136.383
2011,6,6,57.2376,0,127.758
2011,6,7,55.6186,0,117.227
2011,6,8,64.1627,0,136.383
2011,6,9,57.2376,0,127.758
2011,6,10,55.6186,0,117.227
2011,6,11,64.1627,0,136.383
2011,6,12,57.2376,0,127.758
2011,6,13,55.6186,0,117.227
2011,6,14,64.1627,0,136.383
2011,6,15,57.2376,0,127.758
2011,6,16,55.6186,0,117.227
2011,6,17,64.1627,0,136.383
2011,6,18,57.2376,0,127.758
2011,6,19,55.6186,0,117.227
2011,6,20,64.1627,0,136.383
2011,6,21,57.2376,0,127.758
2011,6,22,55.6186,0,117.227
2011,6,23,64.1627,0,136.383
2011,6,24,57.2376,0,127.758
2011,6,25,55.6186,0,117.227
2011,6,26,64.1627,0,136.383
2011,6,27,57.2376,0,127.758
2011,6,28,55.6186,0,117.227
2011,6,29,64.1627,0,136.383
2011,6,30,57.2376,0,127.758
2011,7,1,55.6186,0,117.227
2011,7,2,64.1627,0,136.383
2011,7,3,57.2376,0,127.758
2011,7,4,55.6186,0,117.227
2011,7,5,64.1627,0,136.383
2011,7,6,57.2376,0,127.758
2011,7,7,55.6186,0,117.227
2011,7,8,64.1627,0,136.383
2011,7,9,57.2376,0,127.758
2011,7,10,55.6186,0,117.227
2011,7,11,64.1627,0,136.383
2011,7,12,57.2376,0,127.758
2011,7,13,55.6186,0,117.227
2011,7,14,64.1627,0,136.383
2011,7,15,57.2376,0,127.758
2011,7,16,55.6186,0,117.227
2011,7,17,64.1627,0,136.383
2011,7,18,57.2376,0,127.758
2011,7,19,55.6186,0,117.227
2011,7,20,64.1627,0,136.383
2011,7,21,57.2376,0,127.758
2011,7,22,55.6186,0,117.227
2011,7,23,64.1627,0,136.383
2011,7,24,57.2376,0,127.758
2011,7,25,55.6186,0,117.227
2011,7,26,64.1627,0,136.383
2011,7,27,57.2376,0,127.758
2011,7,28,55.6186,0,117.227
2011,7,29,64.1627,0,136.383
2011,7,30,57.2376,0,127.758
2011,7,31,55.6186,0,117.227
2011,8,1,64.1627,0,136.383
2011,8,2,57.2376,0,127.758
2011,8,3,55.6186,0,117.227
2011,8,4,64.1627,0,136.383
2011,8,5,57.2376,0,127.758
2011,8,6,55.6186,0,117.227
2011,8,7,64.1627,0,136.383
2011,8,8,57.2376,0,127.758
2011,8,9,55.6186,0,117.227
2011,8,10,64.1627,0,136.383
2011,8,11,57.2376,0,127.758
2011,8,12,55.6186,0,117.227
2011,8,13,64.1627,0,136.383
2011,8,14,57.2376,0,127.758
2011,8,15,55.6186,0,117.227
2011,8,16,64.1627,0,136.383
2011,8,17,57.2376,0,127.758
2011,8,18,55.6186,0,117.227
2011,8,19,64.1627,0,136.383
2011,8,20,57.2376,0,127.758
2011,8,21,55.6186,0,117.227
2011,8,22,64.1627,0,136.383
2011,8,23,57.2376,0,127.758
2011,8,24,55.6186,0,117.227
2011,8,25,64.1627,0,136.383
2011,8,26,57.2376,0,127.758
2011,8,27,55.6186,0,117.227
2011,8,28,64.1627,0,136.383
2011,8,29,57.2376,0,127.758
2011,8,30,55.6186,0,117.227
2011,8,31,64.1627,0,136.383
2011,9,1,57.2376,0,127.758
2011,9,2,55.6186,0,117.227
2011,9,3,64.1627,0,136.383
2011,9,4,57.2376,0,127.758
2011,9,5,55.6186,0,117.227
2011,9,6,64.1627,0,136.383
2011,9,7,57.2376,0,127.758
2011,9,8,55.6186,0,117.227
2011,9,9,64.1627,0,136.383
2011,9,10,57.2376,0,127.758
2011,9,11,55.6186,0,117.227
2011,9,12,64.1627,0,136.383
2011,9,13,57.2376,0,127.758
2011,9,14,55.6186,0,117.227
2011,9,15,64.1627,0,136.383
2011,9,16,57.2376,0,127.758
2011,9,17,55.6186,0,117.227
2011,9,18,64.1627,0,136.383
2011,9,19,57.2376,0,127.758
2011,9,20,55.6186,0,117.227
2011,9,21,64.1627,0,136.383
2011,9,22,57.2376,0,127.758
2011,9,23,55.6186,0,117.227
2011,9,24,64.1627,0,136.383
2011,9,25,57.2376,0,127.758
2011,9,26,55.6186,0,117.227
2011,9,27,64.1627,0,136.383
2011,9,28,57.2376,0,127.758
2011,9,29,55.6186,0,117.227
2011,9,30,64.1627,0,136.383
2011,10,1,57.2376,0,127.758
2011,10,2,55.6186,0,117.227
2011,10,3,64.1627,0,136.383
2011,10,4,57.2376,0,127.758
2011,10,5,55.6186,0,117.227
2011,10,6,64.1627,0,136.383
2011,10,7,57.2376,0,127.758
2011,10,8,55.6186,0,117.227
2011,10,9,64.1627,0,136.383
2011,10,10,57.2376,0,127.758
2011,10,11,55.6186,0,117.227
2011,10,12,64.1627,0,136.383
2011,10,13,57.2376,0,127.758
2011,10,14,55.6186,0,117.227
2011,10,15,64.1627,0,136.383
2011,10,16,57.2376,0,127.758
2011,10,17,55.6186,0,117.227
2011,10,18,64.1627,0,136.383
2011,10,19,57.2376,0,127.758
2011,10,20,55.6186,0,117.227
2011,10,21,64.1627,0,136.383
2011,10,22,57.2376,0,127.758
2011,10,23,55.6186,0,117.227
2011,10,24,64.1627,0,136.383
2011,10,25,57.2376,0,127.758
2011,10,26,55.6186,0,117.227
2011,10,27,64.1627,0,136.383
2011,10,28,57.2376,0,127.758
2011,10,29,55.6186,0,117.227
2011,10,30,64.1627,0,136.383
2011,10,31,57.2376,0,127.758
2011,11,1,55.6186,0,117.227
2011,11,2,64.1627,0,136.383
2011,11,3,57.2376,0,127.758
2011,11,4,55.6186,0,117.227
2011,11,5,64.1627,0,136.383
2011,11,6,57.2376,0,127.758
2011,11,7,55.6186,0,117.227
2011,11,8,64.1627,0,136.383
2011,11,9,57.2376,0,127.758
2011,11,10,55.6186,0,117.227
2011,11,11,64.1627,0,136.383
2011,11,12,57.2376,0,127.758
2011,11,13,55.6186,0,117.227
2011,11,14,64.1627,0,136.383
2011,11,15,57.2376,0,127.758
2011,11,16,55.6186,0,117.227
2011,11,17,64.1627,0,136.383
2011,11,18,57.2376,0,127.758
2011,11,19,55.6186,0,117.227
2011,11,20,64.1627,0,136.383
2011,11,21,57.2376,0,127.758
2011,11,22,55.6186,0,117.227
2011,11,23,64.1627,0,136.383
2011,11,24,57.2376,0,127.758
2011,11,25,55.6186,0,117.227
2011,11,26,64.1627,0,136.383
2011,11,27,57.2376,0,127.758
2011,11,28,55.6186,0,117.227
2011,11,29,62.2222,0,121.351
2011,11,30,62.2222,0,121.351
2011,12,1,61.8605,0.5625,122.274
2011,12,2,66.0208,1,149
2011,12,3,48.8208,1,121.104
2011,12,4,49.6875,1,178
2011,12,5,48.6,1,140.063
2011,12,6,50.5833,1,158.479
2011,12,7,60.3333,1,138.402
2011,12,8,32.4583,0.979167,117.479
2011,12,9,53.4529,1,90.5181
2011,12,10,69.259,1,62.504
2011,12,11,94.98,1,127.645
2011,12,12,85.0625,1,162.667
2011,12,13,67.9972,1,172.104
2011,12,14,54.3958,1,162.333
2011,12,15,37.5125,1,123.398
2011,12,16,39.1536,1,110.516
2011,12,17,45.787,1,119.897
2011,12,18,57.6313,0.979167,18.6075
2011,12,19,104.78,1,73.5999
2011,12,20,84.9069,1,148.228
2011,12,21,56.9167,1,120.438
2011,12,22,42.25,1,138.007
2011,12,23,42.514,1,99.2699
2011,12,24,64.997,1,94.4832
2011,12,25,64.3095,1,74.9494
2011,12,26,51.8176,1,143.211
2011,12,27,56.6285,1,159.146
2011,12,28,63.2478,1,155.196
2011,12,29,66.8021,1,156.844
2011,12,30,52.625,1,136.696
2011,12,31,46.2069,1,119.291
2012,1,1,50.0208,1,138.417
2012,1,2,38.4752,1,125.431
2012,1,3,32.0164,1,100.454
2012,1,4,37.0318,1,151.454
2012,1,5,48.2708,1,150.188
2012,1,6,54.1224,1,136.987
2012,1,7,45.042,0.958333,70.3872
2012,1,8,115.783,0.958333,29.9896
2012,1,9,58.8333,1,84.0208
2012,1,10,63.75,1,136
2012,1,11,51.7188,1,136.824
2012,1,12,29.875,1,101.417
2012,1,13,37.5573,1,165.01
2012,1,14,45.1773,1,181.875
2012,1,15,36.9375,1,146.167
2012,1,16,41.0417,1,147.833
2012,1,17,59.875,1,109.604
2012,1,18,68.6522,1,38.2818
2012,1,19,42.4864,1,141.976
2012,1,20,30.1199,1,150.212
2012,1,21,37.2333,1,158.069
2012,1,22,32.6094,1,120.832
2012,1,23,49.8958,1,148.583
2012,1,24,49.4399,1,124.854
2012,1,25,66.4792,1,163.438
2012,1,26,50.5354,1,157.991
2012,1,27,28.2738,1,125.777
2012,1,28,47.6267,1,139.052
2012,1,29,87.2666,1,118.087
2012,1,30,87.6966,0.916667,28.462
2012,1,31,96.7704,1,91.9896
2012,2,1,90.3958,1,102.417
2012,2,2,52.0625,1,76.3125
2012,2,3,53.4514,0.979167,104.625
2012,2,4,55.3028,1,97
2012,2,5,63.8867,1,5.75926
2012,2,6,76.3333,1,116.75
2012,2,7,54.8078,1,121.383
2012,2,8,50.5637,1,137.958
2012,2,9,50.1544,1,117.1
2012,2,10,44.7539,0.958333,54.3348
2012,2,11,92.1042,1,116.396
2012,2,12,59.1875,1,99.5208
2012,2,13,54.2416,1,112.018
2012,2,14,49.6409,1,104.267
2012,2,15,49.4774,0.979167,104.313
2012,2,16,37.8482,1,37.9643
2012,2,17,78.4485,1,98.1483
2012,2,18,72.0928,1,94.8894
2012,2,19,33.4188,1,28.125
2012,2,20,48.2181,1,7.20675
2012,2,21,71.1875,1,71.0208
2012,2,22,68.2083,1,97.1875
2012,2,23,47.9531,1,100.432
2012,2,24,45.3125,1,99.9766
2012,2,25,50.6163,1,92.4592
2012,2,26,30.2718,1,78.9279
2012,2,27,48.7138,1,-4.26662
2012,2,28,84.0125,1,37.1253
2012,2,29,58.0297,1,5.35425
2012,3,1,91.4053,1,2.187
2012,3,2,66.5,1,6.33333
2012,3,3,43.637,1,-15.5932
2012,3,4,103.566,1,34.7951
2012,3,5,84.7083,1,49.8286
2012,3,6,87.375,1,81.8333
2012,3,7,93.9098,1,71.3542
2012,3,8,67.8092,1,86.1056
2012,3,9,74.0885,1,62.7083
2012,3,10,67.4792,1,77.4583
2012,3,11,58.4405,1,58.2925
2012,3,12,53.1875,1,72.3542
2012,3,13,49.4375,1,60.125
2012,3,14,41.4346,0.979167,31.8018
2012,3,15,97.738,1,13.4076
2012,3,16,44.1837,1,3.68724
2012,3,17,82.5893,1,58.125
2012,3,18,71.0625,1,57.5417
2012,3,19,53.1327,1,70.5387
2012,3,20,49.6092,1,55.8333
2012,3,21,45.4208,1,10.8496
2012,3,22,67.8485,1,58.1042
2012,3,23,63.9511,1,53.6642
2012,3,24,40.0188,1,26.1458
2012,3,25,45.4792,1,53.5417
2012,3,26,48.1875,1,71.375
2012,3,27,44.6246,1,43.3333
2012,3,28,55.9187,1,63.7542
2012,3,29,35.9933,1,68.0833
2012,3,30,44.729,1,45.6666
2012,3,31,33.8724,1,20.5765
2012,4,1,46.8351,1,46.3125
2012,4,2,41.1226,1,51.2917
2012,4,3,39.8848,1,44.1875
2012,4,4,47.181,1,54.308
2012,4,5,45.0973,1,48.1097
2012,4,6,44.454,1,26.4091
2012,4,7,52.8441,1,66.0939
2012,4,8,27.8125,1,23.0417
2012,4,9,45.6924,1,38.6769
2012,4,10,30.4375,1,24.8958
2012,4,11,40.8201,1,51.9803
2012,4,12,29.2096,1,49.2708
2012,4,13,30.1667,1,48
2012,4,14,32.0604,1,36.125
2012,4,15,31.0625,1,54.3434
2012,4,16,34.2292,1,45.9583
2012,4,17,31.0833,1,38.75
2012,4,18,28.7942,1,38.8427
2012,4,19,35.1239,1,19.3084
2012,4,20,57.7285,1,36.1042
2012,4,21,39.3542,1,46.125
2012,4,22,40.5254,1,8.87668
2012,4,23,63.0568,1,11.9716
2012,4,24,37.3394,1,-12.3273
2012,4,25,35.3705,1,-4.75
2012,4,26,24.625,1,13.6875
2012,4,27,43.0417,1,43.0898
2012,4,28,35.981,1,28.6875
2012,4,29,38.5676,1,34.8
2012,4,30,19.7917,1,26.75
2012,5,1,31.3542,1,26.4792
2012,5,2,33.102,1,31.115
2012,5,3,24.9935,1,16.7487
2012,5,4,21.3312,1,14.25
2012,5,5,28.283,1,24.7083
2012,5,6,24.6769,1,26.8935
2012,5,7,18.4264,1,7.9375
2012,5,8,26.0625,1,19.5833
2012,5,9,24.408,1,-9.2082
2012,5,10,33.5504,1,32.4753
2012,5,11,31.2826,1,14.8125
2012,5,12,30.4167,1,13.7361
2012,5,13,27.605,1,-8.21315
2012,5,14,30.9092,1,22.8906
2012,5,15,21.7707,1,5.25138
2012,5,16,21.5313,1,25.125
2012,5,17,23.0208,1,34.625
2012,5,18,16,1,7.35417
2012,5,19,18.2724,1,31.2097
2012,5,20,26.7285,1,37.2708
2012,5,21,24.1604,1,20.3651
2012,5,22,20.4272,1,3.20833
2012,5,23,34.75,1,5.29167
2012,5,24,6.80064,1,-4.5683
2012,5,25,9.02291,1,-22.0394
2012,5,26,20.929,1,1.70486
2012,5,27,38.0443,1,11.875
2012,5,28,21.9167,1,-0.854167
2012,5,29,26.5437,1,21.6195
2012,5,30,22.7802,1,21.1479
2012,5,31,20.9199,0.916667,23.0543
2012,6,1,19.4115,1,5.36006
2012,6,2,16.3333,1,-13.6042
2012,6,3,19.6042,1,12.6042
2012,6,4,19.2492,0.979167,11.27
2012,6,5,26.3733,1,-7.35417
2012,6,6,31.3958,1,3.91667
2012,6,7,10.6099,1,-4.1875
2012,6,8,12.8958,1,1.29167
2012,6,9,11.9691,1,10.1944
2012,6,10,20.9167,1,19.0833
2012,6,11,15.4349,1,26.7274
2012,6,12,16.7021,1,15.6042
2012,6,13,14.5459,1,16.9792
2012,6,14,7.47489,1,-23.3499
2012,6,15,18.8646,1,9.85417
2012,6,16,11.845,1,7.1545
2012,6,17,13.9953,1,1.61856
2012,6,18,14.7747,1,-3.15593
2012,6,19,33.1765,1,14.5116
2012,6,20,13.6797,1,13.837
2012,6,21,11.7866,1,-20.4999
2012,6,22,25.038,1,-17.9272
2012,6,23,26.4765,1,7.34661
2012,6,24,20.3968,1,-3.35326
2012,6,25,23.901,1,2.6536
2012,6,26,31.2292,1,15.6042
2012,6,27,18.5833,1,32.685
2012,6,28,16.5402,1,0.853213
2012,6,29,26.7583,1,-21.1788
2012,6,30,16.6752,1,-7.02055
2012,7,1,14.0379,1,-16.222
2012,7,2,25.3125,1,-6.35417
2012,7,3,19.4771,1,0.950033
2012,7,4,26.7308,1,8.52083
2012,7,5,26.1904,1,14.3476
2012,7,6,29.0226,1,22.6261
2012,7,7,22.2742,1,25.5204
2012,7,8,14.4583,1,18.3333
2012,7,9,25.4545,1,-12.2807
2012,7,10,25.7329,1,-28.7853
2012,7,11,32.3784,1,-2.79404
2012,7,12,9.60422,1,-10.4119
2012,7,13,32.7251,0.916667,-2.58261
2012,7,14,42.0855,1,2.74275
2012,7,15,27.9525,1,-5.30645
2012,7,16,23.8232,1,-1.74023
2012,7,17,35.0045,1,0.166667
2012,7,18,27.2186,1,7.39004
2012,7,19,28.1731,1,32.4032
2012,7,20,14.2458,1,29.5619
2012,7,21,26.0559,1,9.78354
2012,7,22,29.8447,1,18.0718
2012,7,23,17.8396,1,20.6296
2012,7,24,17.9657,1,5.08471
2012,7,25,15.9677,1,-3.65397
2012,7,26,37.7039,1,-13.5365
2012,7,27,26.9517,1,0.116798
2012,7,28,22.3835,1,15.8757
2012,7,29,32.3639,1,5.33333
2012,7,30,33.2528,1,1.9031
2012,7,31,34.1458,1,22.75
2012,8,1,27.9583,1,34.1667
2012,8,2,13.7866,1,12.0552
2012,8,3,21,1,34.25
2012,8,4,28.1042,1,21.6036
2012,8,5,44.3595,1,1.84123
2012,8,6,29.6219,1,31.9375
2012,8,7,28.7708,1,20.1667
2012,8,8,18.7007,1,-23.1437
2012,8,9,48.347,1,-4.72111
2012,8,10,35.3293,1,3.41369
2012,8,11,36.587,1,24.2083
2012,8,12,30.5625,1,29.2708
2012,8,13,23.7127,1,31.078
2012,8,14,29.1848,1,-3.54435
2012,8,15,26.5887,1,8.91391
2012,8,16,30.6635,1,9.396
2012,8,17,19.5921,1,-11.6798
2012,8,18,51.8441,1,3.71405
2012,8,19,31.7292,1,23.6458
2012,8,20,23.5253,1,19.4352
2012,8,21,40.7747,1,28.625
2012,8,22,48.4845,1,-3.77648
2012,8,23,42.584,1,-1.45578
2012,8,24,45.2447,1,6.86838
2012,8,25,56.1976,1,17.8844
2012,8,26,40.7757,1,28.067
2012,8,27,23.8056,0.979167,33.8816
2012,8,28,34.3333,1,43.5208
2012,8,29,52.6011,1,25.5075
2012,8,30,59.7226,1,29.5456
2012,8,31,46.3542,1,19.5
2012,9,1,37.2083,1,54.9792
2012,9,2,33.6895,1,61.6423
2012,9,3,30.5417,1,50.6762
2012,9,4,36.3137,1,30.2385
2012,9,5,29.1799,1,-49.2938
2012,9,6,38.8198,1,10.7498
2012,9,7,63.0911,1,15.3476
2012,9,8,45.4754,1,29.8544
2012,9,9,37.4583,1,62.9583
2012,9,10,28.7482,0.9375,63.6543
2012,9,11,47.6993,0.979167,68.5729
2012,9,12,42.2241,1,49.555
2012,9,13,55.9843,1,36.0375
2012,9,14,20.543,1,32.1914
2012,9,15,39,1,68.5703
2012,9,16,13.8542,1,20.1042
2012,9,17,21.2708,1,29.7917
2012,9,18,22.0816,1,14.2729
2012,9,19,18.8533,1,36.5744
2012,9,20,42.5043,1,45.2309
2012,9,21,40.625,1,47.5208
2012,9,22,36.7849,1,75.5275
2012,9,23,38.0857,1,71.2113
2012,9,24,36.375,1,73.1042
2012,9,25,34.4583,1,109.229
2012,9,26,28.0872,1,61.5148
2012,9,27,45.5196,1,26.1824
2012,9,28,28.5907,1,-14.8961
2012,9,29,52.3651,1,57.8058
2012,9,30,46.0833,1,45.7917
2012,10,1,47.4583,1,62.4167
2012,10,2,35.6672,1,79.098
2012,10,3,44.7897,1,84.094
2012,10,4,46.4902,1,76.3808
2012,10,5,45.1054,1,109.943
2012,10,6,28.7707,1,-17.1829
2012,10,7,53.0633,1,33.1333
2012,10,8,40.0833,1,38.5573
2012,10,9,44.2041,1,71.7504
2012,10,10,61.1181,1,62.2312
2012,10,11,54.9127,1,6.71185
2012,10,12,64.2917,1,39.1458
2012,10,13,38.1431,1,65.0735
2012,10,14,46.625,1,92.625
2012,10,15,43.9656,1,49.4547
2012,10,16,36.8507,1,-5.34623
2012,10,17,48.0625,1,91.8958
2012,10,18,37.6458,1,80.4375
2012,10,19,43.1436,0.958333,91.2692
2012,10,20,45.9195,1,105.75
2012,10,21,43.4798,1,121.104
2012,10,22,40.3333,1,126.104
2012,10,23,34.5941,1,83.228
2012,10,24,27.9583,1,22.1042
2012,10,25,37.8843,1,96.6535
2012,10,26,35.7575,1,84.3125
2012,10,27,33.375,1,126.015
2012,10,28,33.6851,1,101.435
2012,10,29,33.8125,1,100.313
2012,10,30,41.9375,1,111.667
2012,10,31,44.5696,1,64.1996
2012,11,1,55.1046,1,80.334
2012,11,2,34.4375,1,122.396
2012,11,3,37.6667,1,100.938
2012,11,4,33.3958,1,93.3333
2012,11,5,25.1384,1,2.16667
2012,11,6,32.0923,1,5.45694
2012,11,7,36.566,1,13.5066
2012,11,8,65.6377,1,87.6787
2012,11,9,63.659,1,136.479
2012,11,10,41.5725,1,161.276
2012,11,11,41.6458,1,119.708
2012,11,12,54.5586,0.979167,91.091
2012,11,13,44.6042,1,151.771
2012,11,14,39.1698,1,121.365
2012,11,15,34.4036,1,78.7292
2012,11,16,33.375,1,167.333
2012,11,17,37.4167,1,139.516
2012,11,18,40.2852,1,153.762
2012,11,19,35.0982,1,153.908
2012,11,20,41.6042,1,116.604
2012,11,21,39.7262,1,136.906
2012,11,22,36.0625,1,164.313
2012,11,23,34.9786,1,129.18
2012,11,24,39.8906,1,121.8
2012,11,25,38.194,1,136.175
2012,11,26,34.3301,1,61.3229
2012,11,27,75.9914,1,57.9052
2012,11,28,46.6417,0.979167,110.794
2012,11,29,32.4481,1,130.375
2012,11,30,47.904,1,17.4514
2012,12,1,68.0203,1,43.1165
2012,12,2,47.0926,1,130.768
2012,12,3,47.0177,1,124.485
2012,12,4,37.2366,1,117.974
2012,12,5,39.5726,1,97.825
2012,12,6,34.6667,1,142.958
2012,12,7,27.2917,1,56.8958
2012,12,8,49.4039,0.979167,105.823
2012,12,9,42.0425,1,199.375
2012,12,10,39.2188,1,167.734
2012,12,11,36.6333,1,152.823
2012,12,12,33.9167,1,127.063
2012,12,13,46.9549,1,118.578
2012,12,14,68.8475,1,-4.31428
2012,12,15,104.442,1,33.1829
2012,12,16,68,1,57.5521
2012,12,17,69.5203,0.958333,138.125
2012,12,18,49.8125,1,157
2012,12,19,45.5571,0.979167,87.3175
2012,12,20,96.1665,1,152.586
2012,12,21,78.8542,1,159.354
2012,12,22,54.9792,1,137.949
2012,12,23,56.0611,0.979167,107.884
2012,12,24,28.3854,0.979167,22.0592
2012,12,25,39.5417,1,180.104
2012,12,26,30.8073,1,131.613
2012,12,27,42.8057,0.979167,128.844
2012,12,28,47.3333,1,196.938
2012,12,29,35.0208,1,186.631
2012,12,30,41.4182,1,176.56
2012,12,31,41.9375,0.979167,150.727
2013,1,1,43.3498,0.979167,156.588
2013,1,2,45.9008,1,180.362
2013,1,3,27.6667,1,126.89
2013,1,4,34.1042,1,135.521
2013,1,5,44.5504,1,167.159
2013,1,6,38.5614,1,176.528
2013,1,7,37.8013,1,139.213
2013,1,8,45.8839,1,140.046
2013,1,9,37.1627,1,159.021
2013,1,10,34.2578,1,135.708
2013,1,11,30.9137,1,133.74
2013,1,12,30.4028,1,68.8333
2013,1,13,40.896,1,-6.70782
2013,1,14,53.0803,1,139.02
2013,1,15,27.0298,1,130.846
2013,1,16,48.5674,0.958333,128.948
2013,1,17,45.2708,1,105.542
2013,1,18,37.0573,1,152.302
2013,1,19,40.0978,1,161.776
2013,1,20,30.0201,0.979167,123.696
2013,1,21,46.2595,0.979167,135.607
2013,1,22,37.2279,1,157.151
2013,1,23,41.8229,1,161.461
2013,1,24,27.4583,1,139.438
2013,1,25,44.0513,1,72.6875
2013,1,26,39.5625,1,179.042
2013,1,27,33.0454,1,158.375
2013,1,28,32.6516,1,156.758
2013,1,29,24.5833,1,183.271
2013,1,30,33.1667,1,149.354
2013,1,31,23.8884,0.979167,129.783
2013,2,1,30.5238,1,146.506
2013,2,2,24.3333,1,168.792
2013,2,3,26.378,1,140.211
2013,2,4,34.771,0.979167,146.927
2013,2,5,27.627,1,137.767
2013,2,6,28.0873,1,113.682
2013,2,7,28.4892,1,82.4533
2013,2,8,37.5797,1,94.2706
2013,2,9,26.3944,1,80.5667
2013,2,10,35.5208,1,145.438
2013,2,11,31.7373,0.979167,124.344
2013,2,12,20.0495,1,131.657
2013,2,13,19.4894,1,123.323
2013,2,14,21.0493,1,124.384
2013,2,15,24.3977,1,84.0887
2013,2,16,19.0548,1,127.051
2013,2,17,23.8352,1,131.459
2013,2,18,24.9792,1,116.25
2013,2,19,27.7488,1,97.6325
2013,2,20,37.2405,1,134.689
2013,2,21,24.6674,1,107.354
2013,2,22,53.1472,1,75.3448
2013,2,23,31.0883,1,98.854
2013,2,24,31.1119,1,89.1705
2013,2,25,18.5116,1,96.6543
2013,2,26,53.3188,0.958333,23.089
2013,2,27,64.0483,0.979167,11.4573
2013,2,28,106.817,1,91.9195
2013,3,1,74.8877,1,87.5455
2013,3,2,59.3618,1,87.0528
2013,3,3,43.7065,1,109.93
2013,3,4,35.2325,1,90.5313
2013,3,5,38.2917,1,101.021
2013,3,6,33.2917,1,101.271
2013,3,7,27.7755,1,86.1875
2013,3,8,27.517,1,73.5846
2013,3,9,29.4306,1,79.1169
2013,3,10,28.592,1,61.02
2013,3,11,28.4167,1,92.3176
2013,3,12,26.7771,1,77.989
2013,3,13,45.2293,1,70.4792
2013,3,14,32.9538,1,99.7013
2013,3,15,37.7292,1,83.6667
2013,3,16,46.2176,1,15.5615
2013,3,17,56.2731,1,84.1285
2013,3,18,33.2465,1,87.0243
2013,3,19,31.8278,1,75.0625
2013,3,20,25.2593,1,74.0741
2013,3,21,58.5745,0.958333,-21.2291
2013,3,22,37.8212,1,22.1458
2013,3,23,51.3077,1,53.8542
2013,3,24,46.375,1,47.5417
2013,3,25,35.5563,1,69.1875
2013,3,26,32.9375,1,80.3542
2013,3,27,34.8179,1,49.8571
2013,3,28,72.9952,0.979167,11.5451
2013,3,29,38.4583,1,58.9583
2013,3,30,23.2465,1,23.125
2013,3,31,34.5223,1,48.6373
2013,4,1,31.1458,1,54.625
2013,4,2,26.6583,1,51.3918
2013,4,3,30.85,1,69.4566
2013,4,4,21.7983,1,56.8433
2013,4,5,20.9375,1,68.2917
2013,4,6,25.9226,1,83.5982
2013,4,7,22.8112,1,51.8406
2013,4,8,22.4741,1,62.8279
2013,4,9,28.669,1,60.2697
2013,4,10,27.8956,0.979167,62.1636
2013,4,11,26.8349,1,66.0333
2013,4,12,18.7083,1,47.4375
2013,4,13,15.9375,1,-1.47917
2013,4,14,21.0839,1,42.683
2013,4,15,25.6945,1,49.4489
2013,4,16,25.0625,1,46.1667
2013,4,17,18.8485,1,36.9561
2013,4,18,17.6221,1,36.2347
2013,4,19,20.7551,1,64.6097
2013,4,20,19.2397,1,52.4583
2013,4,21,17.956,0.979167,43.4401
2013,4,22,23.1954,1,-6.16128
2013,4,23,52.6554,1,42.3293
2013,4,24,31.2492,1,39.25
2013,4,25,30.816,1,50.6667
2013,4,26,14.7708,1,41.7917
2013,4,27,21.7937,1,32.6105
2013,4,28,20.6878,1,35.4023
2013,4,29,16.7083,1,20.3333
2013,4,30,20.7083,1,35.9792
2013,5,1,22.1093,1,17.5
2013,5,2,14.4036,1,48.3125
2013,5,3,11.2774,1,29.8919
2013,5,4,23.4612,1,57.4961
2013,5,5,16.8333,1,44.6458
2013,5,6,9.66667,1,36.375
2013,5,7,9.31488,1,13.5743
2013,5,8,20.4752,1,39.3965
2013,5,9,12.7387,1,47.4268
2013,5,10,12.3958,1,36.9792
2013,5,11,14.9375,1,33.1329
2013,5,12,14.0698,1,3.9704
2013,5,13,40.1704,1,8.91406
2013,5,14,25.4358,1,3.21122
2013,5,15,28.6877,1,-14.8823
2013,5,16,27.2499,1,-0.394631
2013,5,17,25.4375,1,11.4375
2013,5,18,25.75,1,12.5
2013,5,19,19.7569,1,31.5
2013,5,20,20.4631,1,20.0181
2013,5,21,25.4582,1,27.8844
2013,5,22,6.34801,1,-2.24142
2013,5,23,36.3991,1,15.1045
2013,5,24,27.2806,1,29.926
2013,5,25,16.7708,1,18.7415
2013,5,26,18.1118,1,12.375
2013,5,27,18.7708,1,29.1309
2013,5,28,11.4108,1,24.5044
2013,5,29,15.875,1,11.5
2013,5,30,9.30913,1,-8.104
2013,5,31,14.445,1,7.58333
2013,6,1,12.3935,1,-19.6503
2013,6,2,42.5393,1,-0.500179
2013,6,3,23.5833,1,4.9375
2013,6,4,8.0625,1,10.75
2013,6,5,9.20286,1,5.32496
2013,6,6,22.9816,1,22.3661
2013,6,7,39.6752,1,8.10548
2013,6,8,20.7498,0.979167,27.026
2013,6,9,18.9899,0.916667,34.1664
2013,6,10,18.8838,1,16.4252
2013,6,11,13.4707,1,25.9792
2013,6,12,14.3661,1,-15.9707
2013,6,13,46.105,1,-6.97578
2013,6,14,29.2031,1,-8.64923
2013,6,15,34.7083,1,-0.104167
2013,6,16,25.5417,1,6.8125
2013,6,17,16.0684,1,-0.6875
2013,6,18,25.7447,1,6.4881
2013,6,19,25.1458,1,25.8542
2013,6,20,13.2912,1,28.2051
2013,6,21,20.696,1,25.5673
2013,6,22,12.7429,1,26.3286
2013,6,23,17.9769,1,23.0208
2013,6,24,13.8789,1,5.05488
2013,6,25,24.1728,1,13.5417
2013,6,26,15.1969,1,20.9792
2013,6,27,10.5746,1,26.8731
2013,6,28,12.7292,1,25.6141
2013,6,29,13.633,1,20.7829
2013,6,30,13.0204,1,17.1516
2013,7,1,9.82307,1,7.35983
2013,7,2,17.6705,1,28.0717
2013,7,3,19.5705,1,6.11132
2013,7,4,24.6829,0.979167,-16.2257
2013,7,5,42.2666,1,-1.67335
2013,7,6,13.5499,1,-4.59825
2013,7,7,13.011,0.958333,3.95749
2013,7,8,14.9774,1,19.4889
2013,7,9,18.5726,0.979167,25.173
2013,7,10,15.4851,0.979167,36.6844
2013,7,11,8.54101,1,6.2292
2013,7,12,17.3647,1,18.597
2013,7,13,9.25564,1,-0.477426
2013,7,14,20.8097,1,-14.7388
2013,7,15,17.4753,1,8.4516
2013,7,16,8.24723,1,6.54979
2013,7,17,12.8561,1,-6.45402
2013,7,18,30.3914,0.979167,-12.4626
2013,7,19,40.3985,1,-10.7792
2013,7,20,21.5355,0.8125,-5.82527
2013,7,21,29.3893,0.416667,4.25628
2013,7,22,24.4496,0.9375,6.22883
2013,7,23,24.5316,1,-1.75
2013,7,24,33.7742,1,16.7426
2013,7,25,12.4471,0.958333,14.8272
2013,7,26,8.27917,1,17.0448
2013,7,27,12.4792,1,20.4717
2013,7,28,23.1264,1,-13.2244
2013,7,29,20.1427,1,7.85417
2013,7,30,30.3563,1,13.3352
2013,7,31,20.3826,1,26.8843
2013,8,1,32.9206,1,25.0989
2013,8,2,28.3692,1,-9.56213
2013,8,3,22.8847,0.979167,0.396219
2013,8,4,25.275,1,4.38807
2013,8,5,20.4929,1,-6.11738
2013,8,6,54.1012,1,14.9971
2013,8,7,20.1916,1,23.6693
2013,8,8,41.3542,1,23.2292
2013,8,9,20.9813,1,-8.71547
2013,8,10,41.2837,1,26.6627
2013,8,11,32.4671,1,16.7576
2013,8,12,55.8386,1,17.9736
2013,8,13,26.5001,1,12.8778
2013,8,14,36.1728,1,-17.3863
2013,8,15,38.625,1,34.5417
2013,8,16,47.5731,1,32.315
2013,8,17,40.1065,1,3.02382
2013,8,18,49.1386,1,4.58956
2013,8,19,32.7045,1,12.8429
2013,8,20,31.284,1,20.6554
2013,8,21,29.7241,1,25.5611
2013,8,22,48.8773,1,12.4894
2013,8,23,35.2049,1,-1.42501
2013,8,24,14.8333,1,10.9792
2013,8,25,19.7708,1,20.6667
2013,8,26,22,1,43.4792
2013,8,27,23.9111,1,32.2928
2013,8,28,35.6787,1,23.7083
2013,8,29,26.724,1,-17.2534
2013,8,30,37.542,1,23.3785
2013,8,31,45.6814,1,35.8406
2013,9,1,32.625,1,22.9414
2013,9,2,29.4792,1,44.1458
2013,9,3,32.548,1,49.4485
2013,9,4,37.2535,1,43.3056
2013,9,5,20.8229,1,5.23936
2013,9,6,13.4791,1,-1.61202
2013,9,7,48.5275,1,59.3283
2013,9,8,42.8696,1,73.8629
2013,9,9,37.4635,1,27.116
2013,9,10,33.5186,1,53.3467
2013,9,11,27.8518,1,55.853
2013,9,12,37.1957,1,79.2147
2013,9,13,17.2907,1,19.3487
2013,9,14,25.368,1,33.8604
2013,9,15,36.5006,1,76.3377
2013,9,16,18.0916,0.979167,-16.5461
2013,9,17,50.1763,1,34.7672
2013,9,18,45.3869,1,37.735
2013,9,19,45.4333,1,59.1875
2013,9,20,57.7015,1,34.8396
2013,9,21,40.5208,1,60.875
2013,9,22,45.3565,1,57.5325
2013,9,23,50.7739,1,41.3094
2013,9,24,45.3821,1,59.4854
2013,9,25,60.3286,1,61.5677
2013,9,26,76.4732,1,68.5022
2013,9,27,45.397,1,76.0913
2013,9,28,42,1,70.7083
2013,9,29,32.9167,1,78.5208
2013,9,30,39.8727,1,-14.2223
2013,10,1,92.1986,1,65.773
2013,10,2,44.5896,1,8.84392
2013,10,3,50.2796,1,56.3125
2013,10,4,38.4452,1,95.875
2013,10,5,49.9738,1,38.5208
2013,10,6,43.4507,1,95.5171
2013,10,7,35.5708,1,114.042
2013,10,8,35.3542,1,100.125
2013,10,9,49.0698,1,79.2917
2013,10,10,39.789,1,13.3614
2013,10,11,48.3333,1,105.333
2013,10,12,39.489,1,85.0625
2013,10,13,27.7178,1,35.4583
2013,10,14,46.9906,1,76.7122
2013,10,15,50.9445,0.979167,92.5889
2013,10,16,63.4077,1,49.9994
2013,10,17,38.5989,1,124.519
2013,10,18,39.1356,1,112.292
2013,10,19,39.2708,1,86.7292
2013,10,20,43.0687,1,83.8657
2013,10,21,26.4476,1,26.4404
2013,10,22,19.6397,0.979167,12.5783
2013,10,23,54.2202,1,27.9996
2013,10,24,48.3385,1,109.414
2013,10,25,28.4167,1,72.1875
2013,10,26,35.7083,1,103.104
2013,10,27,36.3766,1,107.35
2013,10,28,50.9112,1,56.6494
2013,10,29,43.9018,1,151.75
2013,10,30,43.4375,1,148.438
2013,10,31,36.5646,1,136.896
2013,11,1,42.3819,1,102.875
2013,11,2,39.6094,1,74.3433
2013,11,3,38.5257,1,136.624
2013,11,4,30.25,1,136.104
2013,11,5,36.9583,1,125.604
2013,11,6,41.4167,1,115.711
2013,11,7,43.4981,1,52.01
2013,11,8,39.8073,1,46.0469
2013,11,9,31.5929,1,77.5885
2013,11,10,37.1859,1,142.883
2013,11,11,33.2813,1,32.1687
2013,11,12,37.306,1,-11.5492
2013,11,13,59.9841,1,27.0346
2013,11,14,63.0842,1,95.7708
2013,11,15,53.8542,1,134.771
2013,11,16,47.0625,1,139.438
2013,11,17,44.9167,1,119.042
2013,11,18,51.2232,0.979167,111.968
2013,11,19,49.3395,0.979167,115.214
2013,11,20,30.2838,1,99.6875
2013,11,21,51.9005,1,129.474
2013,11,22,39.1847,1,131.564
2013,11,23,52.24,0.979167,64.5639
2013,11,24,63.375,1,116.292
2013,11,25,56.3958,1,144.625
2013,11,26,40.7917,1,126.958
2013,11,27,51.2917,1,98.9063
2013,11,28,31.7939,0.979167,-9.69995
2013,11,29,52.9009,1,150.2
2013,11,30,41.6567,1,150.829
2013,12,1,47.5417,1,105.229
2013,12,2,43.6875,1,105.417
2013,12,3,47.1354,1,34.4779
2013,12,4,27.0977,0.854167,-8.11874
2013,12,5,91.6096,1,47.4288
2013,12,6,79.4792,1,123.542
2013,12,7,63.125,1,135.729
2013,12,8,65.9444,1,52.875
2013,12,9,59.5727,0.9375,1.78993
2013,12,10,62.6042,1,101.021
2013,12,11,58.6009,1,132.078
2013,12,12,58.6069,1,131.958
2013,12,13,48.9647,1,139.32
2013,12,14,59.3849,1,168.021
2013,12,15,48.6875,1,144.438
2013,12,16,62.4126,1,163.172
2013,12,17,62.7727,0.979167,145.032
2013,12,18,53.4071,0.979167,124.531
2013,12,19,52.7224,1,83.9703
2013,12,20,58.2785,1,116.323
2013,12,21,31.4375,1,73.2791
2013,12,22,50.0459,1,13.0324
2013,12,23,75.0886,1,48.4381
2013,12,24,75.1043,1,134.77
2013,12,25,57.6875,1,112.5
2013,12,26,56.1528,1,57.3727
2013,12,27,65.1187,1,160.541
2013,12,28,56.0271,1,129.083
2013,12,29,45.5179,1,184.986
2013,12,30,47.7185,1,131.585
2013,12,31,46.003,1,156.97
2014,1,1,39.887,1,7.56677
2014,1,2,41.7441,1,64.2566
2014,1,3,49.6477,1,107.431
2014,1,4,41.2605,1,138.79
2014,1,5,45.7671,1,139.44
2014,1,6,41.6764,1,154.274
2014,1,7,39.1603,1,204.622
2014,1,8,35.1846,1,126.243
2014,1,9,34.3958,1,130.417
2014,1,10,52.2535,1,149.951
2014,1,11,35.6755,1,116.13
2014,1,12,43.0104,1,162.03
2014,1,13,42.3824,1,118.66
2014,1,14,49.7917,1,113.84
2014,1,15,40.9412,1,100.176
2014,1,16,40.3477,1,105.561
2014,1,17,47.0373,1,132.262
2014,1,18,57.3458,1,130.823
2014,1,19,37.5833,1,201.042
2014,1,20,36.9947,1,162.249
2014,1,21,38.9583,1,168.5
2014,1,22,42.4326,1,168.813
2014,1,23,40.6458,1,132.354
2014,1,24,64.5772,0.979167,30.4671
2014,1,25,71.5938,1,150.604
2014,1,26,47.4792,1,121.021
2014,1,27,37.9653,1,122.063
2014,1,28,48.864,1,120.692
2014,1,29,43.1032,1,170.132
2014,1,30,38.7868,1,121.48
2014,1,31,39.1563,1,142.854
2014,2,1,40.7185,0.979167,121.618
2014,2,2,42.4719,1,115.188
2014,2,3,29.8505,1,140.663
2014,2,4,44.2725,0.979167,162.192
2014,2,5,31.6198,1,121.453
2014,2,6,36.3073,1,128.995
2014,2,7,33.5703,0.979167,124.944
2014,2,8,36.6643,1,107.739
2014,2,9,56.7581,1,122.336
2014,2,10,44.1863,1,141.115
2014,2,11,39.8598,1,91.2569
2014,2,12,45.5729,1,86.2901
2014,2,13,36.4792,1,23.9375
2014,2,14,25.6107,1,23.2487
2014,2,15,36.448,0.979167,21.8994
2014,2,16,77.6303,1,112.882
2014,2,17,57.8333,1,102.591
2014,2,18,39.6097,1,116.667
2014,2,19,55.7792,1,49.1257
2014,2,20,50.9423,1,107.004
2014,2,21,36.0833,1,130.104
2014,2,22,30.3384,1,150.063
2014,2,23,26.6833,1,108.176
2014,2,24,27.6548,1,106.496
2014,2,25,35.2526,1,38.3834
2014,2,26,35.0625,1,135.563
2014,2,27,36.1677,1,138.413
2014,2,28,25.4023,1,104.059
2014,3,1,25.2292,1,105.729
2014,3,2,28.9607,1,128.5
2014,3,3,17.5156,1,92.5521
2014,3,4,26.2891,1,94.3821
2014,3,5,49.7043,1,81.7878
2014,3,6,46.1813,1,106.391
2014,3,7,29.5995,1,101.175
2014,3,8,28.8996,1,92.9167
2014,3,9,23.7307,1,104.938
2014,3,10,17.8585,1,75.7106
2014,3,11,19.1015,1,5.52858
2014,3,12,55.6265,1,98.0746
2014,3,13,30.6332,1,94.8852
2014,3,14,24.3252,1,92.8333
2014,3,15,24.5623,0.979167,11.226
2014,3,16,55.5278,0.979167,34.6111
2014,3,17,41.2629,1,35.1194
2014,3,18,39.4139,1,74.2749
2014,3,19,41.9515,1,85.8958
2014,3,20,22.224,1,90.9836
2014,3,21,30.4022,1,73.6325
2014,3,22,27.4793,1,101.462
2014,3,23,21.63,1,51.0061
2014,3,24,24.8792,1,72.0417
2014,3,25,38.2821,1,58.4445
2014,3,26,23.5286,1,31.3653
2014,3,27,47.0216,1,25.5126
2014,3,28,62.8597,1,51.3925
2014,3,29,34.8065,0.979167,52.5733
2014,3,30,49.3825,1,41.2825
2014,3,31,35.8324,1,63.6687
2014,4,1,34.7931,1,46.3333
2014,4,2,30.7248,1,3.4779
2014,4,3,52.5803,1,47.5787
2014,4,4,25.9826,1,43.6771
2014,4,5,33.5,1,53.4561
2014,4,6,35.2103,1,60.1753
2014,4,7,28.0901,1,31.464
2014,4,8,19.2009,1,14.5768
2014,4,9,30.2009,1,-16.1964
2014,4,10,17.3998,1,-20.1833
2014,4,11,65.3261,1,32.2775
2014,4,12,58.2946,1,37.0833
2014,4,13,51.0625,1,46.3125
2014,4,14,45.5,1,41.0833
2014,4,15,37.959,1,43.8125
2014,4,16,42.07,1,50.7292
2014,4,17,40.5531,1,43.8333
2014,4,18,36.0015,1,14.9139
2014,4,19,30.3125,1,30.3958
2014,4,20,21.997,1,22.0208
2014,4,21,30.7261,1,30.6937
2014,4,22,21.2347,1,-1.71875
2014,4,23,42.8234,1,34.6458
2014,4,24,33.9256,1,40.6458
2014,4,25,26.6458,1,40
2014,4,26,26.6842,0.979167,24.2928
2014,4,27,31.8125,1,41.5625
2014,4,28,16.9515,1,26.4167
2014,4,29,12.3279,1,-19.6005
2014,4,30,47.7046,1,30.2133
2014,5,1,33.0625,1,24.8854
2014,5,2,27.6576,1,-7.29408
2014,5,3,41.5061,1,3.73783
2014,5,4,41.5046,1,11.9583
2014,5,5,22.2644,1,4.91398
2014,5,6,34.3353,1,20.25
2014,5,7,34.9583,1,32.6875
2014,5,8,26.1174,1,36.5625
2014,5,9,24.6153,1,-7.89643
2014,5,10,9.39489,1,-13.4731
2014,5,11,25.2618,1,6.7479
2014,5,12,32.7946,1,20.2546
2014,5,13,31.8379,1,28.9109
2014,5,14,29.625,1,17.6127
2014,5,15,28.1458,1,4.83333
2014,5,16,24.9375,1,5.97917
2014,5,17,25.6368,1,5.71079
2014,5,18,20.3958,1,4.41667
2014,5,19,19.2452,1,14.0396
2014,5,20,30.0742,1,9.29527
2014,5,21,24.25,1,25.6667
2014,5,22,27.7785,1,-4.71923
2014,5,23,21.8769,1,-10.957
2014,5,24,28.0613,1,14.581
2014,5,25,19.4134,1,11.0044
2014,5,26,32.0681,1,-2.6144
2014,5,27,20.1927,0.979167,-18.1416
2014,5,28,44.6313,1,-2.04233
2014,5,29,27.4213,1,23.8012
2014,5,30,21.0396,0.958333,19.6568
2014,5,31,17.7329,1,13.3863
2014,6,1,16.641,1,-10.7012
2014,6,2,28.5461,1,3.18169
2014,6,3,16.1293,1,7.04061
2014,6,4,17.8652,0.833333,7.92743
2014,6,5,30.313,0.895833,1.74319
2014,6,6,29.6959,1,10.7667
2014,6,7,23.9608,1,-2.64583
2014,6,8,35.3125,1,2.3125
2014,6,9,23.5833,1,12.8542
2014,6,10,17.1556,0.958333,4.54692
2014,6,11,21.0247,0.875,15.2556
2014,6,12,11.9065,1,-6.1472
2014,6,13,9.32115,1,-11.9463
2014,6,14,26.9128,1,-16.0386
2014,6,15,35.357,1,2.39144
2014,6,16,10.917,1,-9.10301
2014,6,17,33.0954,0.979167,3.61492
2014,6,18,25.5208,1,20.6667
2014,6,19,15.4476,1,5.00423
2014,6,20,25.7746,0.895833,9.8781
2014,6,21,16.4305,1,-4.56386
2014,6,22,19.564,0.916667,-5.45698
2014,6,23,40.0551,0.9375,-22.4639
2014,6,24,48.4486,0.895833,-13.5861
2014,6,25,33.7561,1,-12.1758
2014,6,26,50.6623,1,-4.45273
2014,6,27,26.3542,1,-16.8542
2014,6,28,38.5774,1,-20.3569
2014,6,29,39.2796,0.979167,-11.6459
2014,6,30,18.5117,0.979167,6.29052
2014,7,1,20.9167,1,-0.940705
2014,7,2,24.7083,1,10.5304
2014,7,3,12.4712,1,-1.08118
2014,7,4,23.1769,0.916667,9.8882
2014,7,5,31.1822,1,7.81689
2014,7,6,27.4104,1,7.05336
2014,7,7,13.7658,1,20.5526
2014,7,8,19.1106,1,-7.35417
2014,7,9,38.9212,1,-8.74239
2014,7,10,20.1729,0.9375,-5.11418
2014,7,11,24.2154,0.916667,-11.0242
2014,7,12,42.1204,0.979167,18.1963
2014,7,13,21.3125,1,16.5625
2014,7,14,16.9756,1,5.81453
2014,7,15,24.8477,1,-22.2723
2014,7,16,18.1502,0.875,-8.50961
2014,7,17,28.7831,0.979167,-2.21061
2014,7,18,42.3429,1,-13.0121
2014,7,19,32.1875,1,4.70833
2014,7,20,18.934,1,27.5417
2014,7,21,24.6001,0.9375,17.5212
2014,7,22,27.1495,0.958333,25.4119
2014,7,23,11.6379,0.6875,10.7629
2014,7,24,22.9316,1,-21.1205
2014,7,25,35.2969,1,-5.81475
2014,7,26,17.4611,1,0.370672
2014,7,27,23.6312,1,11.0417
2014,7,28,27.8627,1,14.3271
2014,7,29,24.3272,1,-13.8497
2014,7,30,70.968,1,-22.9288
2014,7,31,58.5423,1,-1.27888
2014,8,1,29.6201,1,-4.90112
2014,8,2,30.5,1,31.4541
2014,8,3,22.2276,1,37.0183
2014,8,4,15.8439,1,43.3958
2014,8,5,16.6595,1,43.2732
2014,8,6,14.8542,1,3.95833
2014,8,7,18.4375,1,18.8542
2014,8,8,21.3333,1,13
2014,8,9,20.3133,0.979167,19.457
2014,8,10,37.626,1,23.6627
2014,8,11,34.1076,0.979167,22.1435
2014,8,12,30.2043,1,39
2014,8,13,29.5638,1,37.6875
2014,8,14,24.7083,1,47.1042
2014,8,15,26.5102,1,43.9017
2014,8,16,13.9375,1,10.9583
2014,8,17,26.1612,1,25.75
2014,8,18,18.6416,1,12.4111
2014,8,19,28.5417,1,49.0833
2014,8,20,25.1667,1,45.7292
2014,8,21,19.4375,1,59.5208
2014,8,22,26.8228,1,58.2695
2014,8,23,19.6107,1,36.4375
2014,8,24,25.6042,1,44.5967
2014,8,25,17.7902,1,34.9583
2014,8,26,30.7083,1,45.5
2014,8,27,41.7101,1,45.1161
2014,8,28,28.8958,1,60.8819
2014,8,29,27.8333,1,59.4167
2014,8,30,17.9856,1,46.7185
2014,8,31,29.513,1,34.2817
2014,9,1,12.9926,1,-18.5114
2014,9,2,50.8052,1,33.9167
2014,9,3,43.7888,1,63.3542
2014,9,4,26.1042,1,29.5208
2014,9,5,40.5391,1,60.2917
2014,9,6,31.3801,1,68.5417
2014,9,7,43.9544,1,61.0192
2014,9,8,33.1741,1,41.97
2014,9,9,42.0476,1,6.76773
2014,9,10,56.3547,1,46.315
2014,9,11,43.0739,1,45.9155
2014,9,12,33.125,1,48
2014,9,13,35.7917,1,71.5625
2014,9,14,29.1667,1,57.9792
2014,9,15,30.1494,1,18.7189
2014,9,16,27.5208,1,32.125
2014,9,17,41.0113,1,59.2795
2014,9,18,31.2292,1,49.2604
2014,9,19,35.4109,1,77.0296
2014,9,20,30.9792,1,71.3333
2014,9,21,35.2454,1,76.5208
2014,9,22,29.8125,1,85.125
2014,9,23,29.1042,1,63.6667
2014,9,24,43.8229,1,3.40189
2014,9,25,69.6515,1,49.723
2014,9,26,44.6133,1,38.8879
2014,9,27,49.1393,1,54.5809
2014,9,28,73.5991,1,34.3495
2014,9,29,49.1367,1,71.875
2014,9,30,51.7548,1,43.7631
2014,10,1,45.559,1,68.7257
2014,10,2,38.6376,1,74.8958
2014,10,3,46.0833,1,96.5833
2014,10,4,55.1109,0.979167,64.9711
2014,10,5,48.5564,1,91.5625
2014,10,6,44.5197,1,-16.198
2014,10,7,65.7232,1,43.3242
2014,10,8,46.7336,1,51.4073
2014,10,9,58.9022,1,84.4792
2014,10,10,47.9431,1,27.1979
2014,10,11,56.4415,1,81.2608
2014,10,12,68.3668,0.979167,74.0182
2014,10,13,58.0984,1,75.2788
2014,10,14,67.1051,1,122.832
2014,10,15,47.2917,1,109.458
2014,10,16,38.0101,1,68.1653
2014,10,17,59.5625,1,119.438
2014,10,18,37.8542,1,91.4167
2014,10,19,57.9647,1,62.6731
2014,10,20,51.359,1,120.979
2014,10,21,39.75,1,103.375
2014,10,22,41.1397,1,82.9234
2014,10,23,42.25,1,114.708
2014,10,24,77.3093,1,67.9839
2014,10,25,57.0774,1,86.875
2014,10,26,56.9272,1,69.4226
2014,10,27,75.4127,1,73.2718
2014,10,28,40.0969,1,55.0721
2014,10,29,47.6225,1,110.399
2014,10,30,56.7424,1,99.5897
2014,10,31,50.5518,1,71.3958
2014,11,1,68.6573,0.979167,50.6163
2014,11,2,59.4167,1,112.625
2014,11,3,48.4337,1,108.042
2014,11,4,56.8063,1,65.3435
2014,11,5,42.2835,1,153.167
2014,11,6,53.9792,1,106.729
2014,11,7,40.7662,1,121.434
2014,11,8,54.5385,0.979167,113.23
2014,11,9,44.6648,1,143.101
2014,11,10,44.9583,1,146.125
2014,11,11,46.0104,1,143.061
2014,11,12,47.6078,1,114.791
2014,11,13,49.2656,1,81.151
2014,11,14,35.9392,1,49.6254
2014,11,15,43.1274,1,50.384
2014,11,16,90.2009,1,51.4037
2014,11,17,71.5833,1,64.5
2014,11,18,59.0833,1,123.563
2014,11,19,66.8125,1,115.396
2014,11,20,59.289,1,30.1077
2014,11,21,66.8142,1,126.769
2014,11,22,57.7526,1,17.4
2014,11,23,104.763,1,90.5406
2014,11,24,70.3719,1,7.16701
2014,11,25,91.0546,1,111.359
2014,11,26,64.7753,1,145.315
2014,11,27,63.3542,1,158.595
2014,11,28,55.5842,1,136.076
2014,11,29,46.2981,1,118.524
2014,11,30,56.5311,1,100.13
2014,12,1,50.6341,1,92.0958
2014,12,2,68.4595,1,107.548
2014,12,3,38.7808,0.979167,28.3878
2014,12,4,108.711,1,78.875
2014,12,5,73.1452,1,127.381
2014,12,6,60.4618,1,96.6869
2014,12,7,94.4159,1,97.6715
2014,12,8,67.3095,1,128.624
2014,12,9,75.1016,1,141.604
2014,12,10,49.1736,1,62.2243
2014,12,11,48.6458,1,190.714
2014,12,12,58.4809,1,136.043
2014,12,13,46.4825,1,134.167
2014,12,14,48.3072,1,60.3894
2014,12,15,60.1753,1,94.9157
2014,12,16,86.278,1,114.856
2014,12,17,52.4352,1,152.872
2014,12,18,55.2869,1,112.985
2014,12,19,44.8542,1,151.313
2014,12,20,46.2219,1,159.834
2014,12,21,51.3741,1,131.582
2014,12,22,44.4142,1,85.557
2014,12,23,54.2061,1,71.9127
2014,12,24,55.8639,1,175.724
2014,12,25,59.3118,1,133.481
2014,12,26,46.5552,1,144.074
2014,12,27,47.7649,1,143.825
2014,12,28,62.7656,1,144.51
2014,12,29,54.9161,1,87.9271
2014,12,30,47.5835,1,140.282
2014,12,31,46.4653,1,152.146
